name1,name2,name3,name4,name5,name6,name7,name8,name9,name10,name11,name12,name13,name14,name15,name16,name17,name18,name19,name20,name21,name22,name23,name24,name25,name26,name27,name28,name29,name30,name31,name32,name33,name34,name35,name36,name37,name38,name39,name40,name41,name42,name43,name44,name45,name46,name47,name48,name49,name50,name51,name52,name53,name54,name55,name56,name57,name58,name59,name60,name61,name62,name63,name64,name65,name66,name67,name68,name69
aafB,1,,,,,,,,,,,,,,,,,,,,,,,,,,,,,,,,,,,,,,EC042_pAA030,,,,,,,,,,,,,,,,,,,,,,,,,,,,aafB,1
aafC,2,,,,,,,,,,,,,,,,,,,,,,,,,,,,,,,,,,,,,,EC042_pAA031,,,,,,,,,,,,,,,,,,,,,,,,,,,,aafC,2
aafD,3,,,,,,,,,,,,,,,,,,,,,,,,,,,,,,,,,,,,,,EC042_pAA046,,,,,,,,,,,,,,,,,,,,,,,,,,,,aafD,3
aafA,4,,,,,,,,,,,,,,,,,,,,,,,,,,,,,,,,,,,,,,EC042_pAA048,,,,,,,,,,,,,,,,,,,,,,,,,,,,aafA,4
agg3D,5,,,pEC55989_0084,,,,,,,,,,,,O3M_26182,,O3O_26302,,O3K_26212,,,,,,,,,,,,,,,,,,,,,,,,,,,,,,,,,,,,,,,,,,,,,,,agg3D,5
agg3C,6,,,pEC55989_0085,,,,,,,,,,,,O3M_26187,,O3O_26297,,O3K_26207,,,,,,,,,,,,,,,,,,,,,,,,,,,,,,,,,,,,,,,,,,,,,,,agg3C,6
agg3B,7,,,pEC55989_0086,,,,,,,,,,,,O3M_26192,,O3O_26292,,O3K_26202,,,,,,,,,,,,,,,,,,,,,,,,,,,,,,,,,,,,,,,,,,,,,,,agg3B,7
agg3A,8,,,pEC55989_0087,,,,,,,,,,,,O3M_26197,,O3O_26287,,O3K_26197,,,,,,,,,,,,,,,,,,,,,,,,,,,,,,,,,,,,,,,,,,,,,,,agg3A,8
afaD,9,,,,,,,,,,,,,,,,,,,,,,,,,,,,,,,,,,EC958_4099,,,,,,,,,,,,,,,,,,,,,,,,,,,,ECVR50_3235,,,,afaD,9
afaC,10,,,,,,,,,,,,,,,,,,,,,,,,,,,,,,,,,,EC958_4100,,,,,,,,,,,,,,,,,,,,,,,,,,,,ECVR50_3236,,,,afaC,10
afaB,11,,,,,,,,,,,,,,,,,,,,,,,,,,,,,,,,,,EC958_4101,,,,,,,,,,,,,,,,,,,,,,,,,,,,ECVR50_3237,,,,afaB,11
afaA,12,,,,,,,,,,,,,,,,,,,,,,,,,,,,,,,,,,EC958_4102,,,,,,,,,,,,,,,,,,,,,,,,,,,,ECVR50_3238,,,,afaA,12
afaE,13,,,,,,,,,,,,,,,,,,,,,,,,,,,,,,,,,,,,,,,,,,,,,,,,,,,,,,,,,,,,,,ECVR50_3233,,,,afaE,13
draP,14,,,,,,,,,,,,,,,,,,,,,,,,,,,,,,,,,,EC958_4098,,,,,,,,,,,,,,,,,,,,,,,,,,,,ECVR50_3234,,,,draP,14
cfaA,15,ECP_3189,EC55989_3511,,,,,,EcE24377A_3565,,,,ECO103_3842,,O3M_03510,,O3O_22175,,O3K_03470,,ECO111_3919,,,,,,,,,,,,,,,ECO26_4200,,,,,,,,,,,ETEC_p948_0390,,APECO78_19305,,ECIAI39_3594,,,,,,,,,,,,,,,,cfaA,15
cfaB,16,ECP_3188,EC55989_3510,,,,,,EcE24377A_3564,,,,ECO103_3841,,O3M_03515,,O3O_22170,,O3K_03475,,ECO111_3918,,,,,,,,,,,,,,,ECO26_4199,,,,,,,,,,,ETEC_p948_0400,,APECO78_19300,,ECIAI39_3593,,,,,,,,,,,,,,,,cfaB,16
cfaC,17,ECP_3186,EC55989_3509,,,,,,EcE24377A_3563,,,,ECO103_3840,,O3M_03520,,O3O_22165,,O3K_03480,,ECO111_3917,,,,,,,,,,,,,,,ECO26_4198,,,,,,,,,,,ETEC_p948_0410,,APECO78_19295,,ECIAI39_3592,,,,,,,,,,,,,,,,cfaC,17
cfaD/cfaE,18,ECP_3185,EC55989_3508,,,,,,EcE24377A_3562,,,,ECO103_3839,,O3M_03525,,O3O_22160,,O3K_03485,,ECO111_3916,,,,,,,,,,,,,,,ECO26_4197,,,,,,,,,,,ETEC_p948_0420,,APECO78_19275,,ECIAI39_3591,,,,,,,,,,,,,,,,cfaD/cfaE,18
cgsG,19,,,,,,,,,,,,,,,,,,,,,,,,,,,,,,,,,,EC958_1228,,,,,,,,,,,,,,,,,,,,,,,,,,,,ECVR50_1133,,,,cgsG,19
cgsF,20,,,,,,,,,,,,,,,,,,,,,,,,,,,,,,,,,,EC958_1229,,,,,,,,,,,,,,,,,,,,,,,,,,,,ECVR50_1134,,,,cgsF,20
cgsE,21,,,,,,,,,,,,,,,,,,,,,,,,,,,,,,,,,,EC958_1230,,,,,,,,,,,,,,,,,,,,,,,,,,,,ECVR50_1135,,,,cgsE,21
cgsD,22,,,,,,,,,,,,,,,,,,,,,,,,,,,,,,,,,,EC958_1231,,,,,,,,,,,,,,,,,,,,,,,,,,,,ECVR50_1136,,,,cgsD,22
csgB,23,,,,,,,,,,,,,,,,,,,,,,,,,,,,,,,,,,EC958_1233,,,,,,,,,,,,,,,,,,,,,,,,,,,,ECVR50_1138,,,,csgB,23
csgA,24,,,,,,,,,,,,,,,,,,,,,,,,,,,,,,,,,,EC958_1234,,,,,,,,,,,,,,,,,,,,,,,,,,,,ECVR50_1139,,,,csgA,24
csgC,25,,,,,,,,,,,,,,,,,,,,,,,,,,,,,,,,,,EC958_1235,,,,,,,,,,,,,,,,,,,,,,,,,,,,ECVR50_1140,,,,csgC,25
aap,26,,,,,,,,,,,,,,,,,,,,,,,,,,,,,,,,,,,,,,EC042_pAA055,,,,,,,,,,,,,,,,,,,,,,,,,,,,aap,26
ecpR,27,ECP_0357,EC55989_0298,,ECABU_c03800,APECO1_1703,,c0405,EcE24377A_0304,,,ECNA114_0281,ECO103_0271,,O3M_20010,,O3O_05270,,O3K_20020,,,E2348C_0250,ECH74115_0340,,Z0361,,ECs0324,,ECSP_0331,,CDCO157_0319,,ECUMN_0328,ECOK1_0281,EC958_0439,ECO26_0329,,EC042_0323,,ECS88_0291,,G2583_0386,,ECO55CA74_01820,,ETEC_0353,,,APECO78_05000,CE10_0255,ECIAI39_0398,LF82_1279,NRG857_01390,,UM146_15875,,UMNK88_342,,,,UTI89_C0310,,ECVR50_0313,,b0294,i02_0386,ecpR,27
ecpA,28,ECP_0356,EC55989_0297,,ECABU_c03790,APECO1_1704,,c0404,EcE24377A_0303,,,ECNA114_0280,ECO103_0270,,O3M_20015,,O3O_05265,,O3K_20025,,,E2348C_0249,ECH74115_0339,,Z0360,,ECs0323,,ECSP_0330,,CDCO157_0318,,ECUMN_0327,ECOK1_0280,EC958_0438,ECO26_0328,,EC042_0322,,ECS88_0290,,G2583_0385,,ECO55CA74_01815,,ETEC_0352,,,APECO78_04995,CE10_0254,,LF82_1280,NRG857_01385,,UM146_15880,,UMNK88_341,,,,UTI89_C0309,,ECVR50_0312,,b0293,i02_0385,ecpA,28
ecpB,29,ECP_0355,EC55989_0296,,ECABU_c03780,APECO1_1705,,c0403,EcE24377A_0302,,,ECNA114_0279,ECO103_0269,,O3M_20020,,O3O_05260,,O3K_20030,,,E2348C_0248,ECH74115_0338,,Z0359,,ECs0322,,ECSP_0329,,CDCO157_0317,,ECUMN_0326,ECOK1_0279,EC958_0437,ECO26_0327,,EC042_0321,,ECS88_0289,,G2583_0384,,ECO55CA74_01810,,ETEC_0351,,,APECO78_04990,CE10_0253,ECIAI39_0400,LF82_1281,NRG857_01380,,UM146_15885,,UMNK88_340,,,,UTI89_C0308,,ECVR50_0311,,b0292,i02_0384,ecpB,29
ecpC,30,ECP_0354,EC55989_0295,,ECABU_c03770,APECO1_1706,,c0402,EcE24377A_0301,,,ECNA114_0278,ECO103_0268,,O3M_20025,,O3O_05255,,O3K_20035,,,E2348C_0247,ECH74115_0337,,Z0358,,ECs0321,,ECSP_0328,,CDCO157_0316,,ECUMN_0325,ECOK1_0278,EC958_0436,ECO26_0326,,EC042_0320,,ECS88_0288,,G2583_0383,,ECO55CA74_01805,,ETEC_0350,,,APECO78_04985,CE10_0252,ECIAI39_0401,LF82_2510,NRG857_01375,,UM146_15890,,UMNK88_339,,,,UTI89_C0307,,ECVR50_0310,,b0291,i02_0383,ecpC,30
ecpD,31,ECP_0353,EC55989_0294,,ECABU_c03760,APECO1_1707,,c0401,EcE24377A_0300,,,ECNA114_0277,ECO103_0267,,O3M_20030,,O3O_05250,,O3K_20040,,,E2348C_0246,ECH74115_0336,,Z0357,,ECs0320,,ECSP_0327,,CDCO157_0315,,ECUMN_0324,ECOK1_0277,EC958_0435,ECO26_0325,,EC042_0319,,ECS88_0287,,G2583_0382,,ECO55CA74_01800,,ETEC_0349,,,APECO78_04980,CE10_0251,ECIAI39_0402,LF82_2509,NRG857_01370,,UM146_15895,,UMNK88_338,,,,UTI89_C0306,,ECVR50_0309,,b0290,i02_0382,ecpD,31
ecpE,32,ECP_0352,EC55989_0293,,ECABU_c03750,APECO1_1708,,c0400,EcE24377A_0299,,,ECNA114_0276,ECO103_0266,,O3M_20035,,O3O_05245,,O3K_20045,,,E2348C_0245,ECH74115_0335,,Z0356,,ECs0319,,ECSP_0326,,CDCO157_0314,,ECUMN_0323,ECOK1_0276,EC958_0434,ECO26_0324,,EC042_0318,,ECS88_0286,,G2583_0381,,ECO55CA74_01795,,ETEC_0348,,,APECO78_04975,CE10_0250,ECIAI39_0403,LF82_2508,NRG857_01365,,UM146_15900,,UMNK88_337,,,,UTI89_C0305,,ECVR50_0308,,b0289,i02_0381,ecpE,32
elfA,33,,EC55989_0987,,,,,,EcE24377A_1053,,,,ECO103_0983,,O3M_16625,,O3O_08645,,O3K_16650,,ECO111_1006,,ECH74115_1100,,Z1286,,ECs1021,,ECSP_1043,,CDCO157_0997,,,,,ECO26_1065,,,,,,G2583_1173,,ECO55CA74_05720,,ETEC_1006,,,APECO78_08680,CE10_0966,ECIAI39_2209,,,,,,UMNK88_1093,,,,,,ECVR50_0980,,b0938,,elfA,33
elfD,34,,EC55989_0988,,,,,,EcE24377A_1054,,,,ECO103_0984,,O3M_16620,,O3O_08650,,O3K_16645,,ECO111_1007,,ECH74115_1101,,Z1287,,ECs1022,,ECSP_1044,,CDCO157_0998,,,,,ECO26_1066,,,,,,G2583_1174,,ECO55CA74_05725,,ETEC_1007,,,APECO78_08685,CE10_0967,ECIAI39_2208,,,,,,UMNK88_1094,,,,,,ECVR50_0981,,b0939,,elfD,34
elfC,35,,EC55989_0989,,,,,,EcE24377A_1055,,,,,,O3M_16615,,O3O_08655,,O3K_16640,,ECO111_1008,,,,Z1288m,,,,,,,,,,,ECO26_1067,,,,,,G2583_1175*,,,,ETEC_1008,,,APECO78_08690,CE10_0968,ECIAI39_2207,,,,,,UMNK88_1095,,,,,,ECVR50_0982,,b0940,,elfC,35
elfG,36,,EC55989_0990,,,,,,EcE24377A_1056,,,,ECO103_0987,,O3M_16610,,O3O_08660,,O3K_16635,,ECO111_1009,,,,Z1290,,ECs1025,,,,CDCO157_0999,,,,,ECO26_1068,,,,,,G2583_1176,,ECO55CA74_05740,,ETEC_1011,,,APECO78_08695,CE10_0969,ECIAI39_2206,,,,,,UMNK88_1096,,,,,,ECVR50_0983,,b0941,,elfG,36
eaeH,37,ECP_0367,EC55989_0302,,ECABU_c03900,APECO1_1694,,c0415,EcE24377A_0312,,,ECNA114_0287,ECO103_0275,,O3M_19985,,O3O_05295,,O3K_19995,,,E2348C_0261,ECH74115_0351,,Z0375,,ECs0336,,ECSP_0346,,CDCO157_0330,,ECUMN_0337,ECOK1_0290,,ECO26_0333,,EC042_0333,,,,G2583_0397,,ECO55CA74_01880,,ETEC_0357,,,APECO78_05030,,,LF82_054,NRG857_01440,,UM146_15825,,UMNK88_345,,,,UTI89_C0321,,,,,i02_0397,eaeH,37
etpA,38,,,,,,,,,,,,,,,,,,,,,,,,,,,,,,,,,,,,,,,,,,,,,,ETEC_p948_0110,,,,,,,,,,,,,,,,,,,,etpA,38
focA,39,,,,ECABU_c11250,,,c1239,,,,,,,,,,,,,,,,,,,,,,,,,,,,,,,,,,,,,,,,,,,,,,,,,,,,,,,,,,i02_1132,focA,39
focI,40,,,,ECABU_c11260,,,c1240,,,,,,,,,,,,,,,,,,,,,,,,,,,,,,,,,,,,,,,,,,,,,,,,,,,,,,,,,,i02_1133,focI,40
focC,41,,,,ECABU_c11270,,,c1241,,,,,,,,,,,,,,,,,,,,,,,,,,,,,,,,,,,,,,,,,,,,,,,,,,,,,,,,,,i02_1134,focC,41
focD,42,,,,ECABU_c11280,,,c1242,,,,,,,,,,,,,,,,,,,,,,,,,,,,,,,,,,,,,,,,,,,,,,,,,,,,,,,,,,i02_1135,focD,42
focF,43,,,,ECABU_c12010,,,c1243,,,,,,,,,,,,,,,,,,,,,,,,,,,,,,,,,,,,,,,,,,,,,,,,,,,,,,,,,,i02_1136,focF,43
focG,44,,,,ECABU_c12020,,,c1244,,,,,,,,,,,,,,,,,,,,,,,,,,,,,,,,,,,,,,,,,,,,,,,,,,,,,,,,,,i02_1137,focG,44
focH,45,,,,ECABU_c12030,,,c1245,,,,,,,,,,,,,,,,,,,,,,,,,,,,,,,,,,,,,,,,,,,,,,,,,,,,,,,,,,i02_1138,focH,45
hcpA,46,ECP_0108,EC55989_0101,,ECABU_c01130,APECO1_1881,,c0127,EcE24377A_0110,,,ECNA114_0099,ECO103_0108,,O3M_20925,,O3O_04360,,O3K_21025,,ECO111_0109,E2348C_0111,ECH74115_0114,,Z0118,,ECs0112,,ECSP_0109,,CDCO157_0109,,ECUMN_0105,ECOK1_0107,EC958_0247,ECO26_0110,,EC042_0106,,ECS88_0110,,G2583_0112,,ECO55CA74_00530,,ETEC_0104,,,APECO78_03980,CE10_0108,ECIAI39_0108,LF82_1700,NRG857_00540,,UM146_23320,,UMNK88_106,,,,UTI89_C0115,,ECVR50_0118,,b0108,i02_0117,hcpA,46
hcpB,47,ECP_0107,EC55989_0100,,ECABU_c01120,APECO1_1882,,c0126,EcE24377A_0109,,,ECNA114_0098,ECO103_0107,,O3M_20930,,O3O_04355,,O3K_21030,,ECO111_0108,E2348C_0110,ECH74115_0113,,Z0117,,ECs0111,,ECSP_0108,,CDCO157_0108,,ECUMN_0104,ECOK1_0106,EC958_0246,ECO26_0109,,EC042_0105,,ECS88_0109,,G2583_0111*,,,,ETEC_0103,,,APECO78_03975,CE10_0107,ECIAI39_0107,LF82_1014,NRG857_00535,,UM146_23315,,UMNK88_105,,,,UTI89_C0114,,ECVR50_0117,,b0107,i02_0116,hcpB,47
hcpC,48,ECP_0106,EC55989_0099,,ECABU_c01110,APECO1_1883,,c0125,,,,ECNA114_0097,ECO103_0106,,O3M_20935,,O3O_04350,,O3K_21035,,ECO111_0107,E2348C_0109,ECH74115_0112,,Z0116,,ECs0110,,ECSP_0107,,CDCO157_0107,,ECUMN_0103,ECOK1_0105,EC958_0245,ECO26_0108,,EC042_0104,,ECS88_0108,,G2583_0110,,ECO55CA74_00515,,ETEC_0102,,,APECO78_03970,CE10_0106,ECIAI39_0106,LF82_1015,NRG857_00530,,UM146_23310,,UMNK88_104,,,,UTI89_C0113,,ECVR50_0116,,b0106,i02_0115,hcpC,48
eae,49,,,,,,,,,,,,ECO103_3609,,,,,,,,ECO111_3743,E2348C_3939,ECH74115_5054,,Z5110,,ECs4559,,ECSP_4674,,CDCO157_4293,,,,,ECO26_5280,,,,,,G2583_4414,,ECO55CA74_21185,,,,,,,,,,,,,,,,,,,,,,,eae,49
faeC,50,,,,,,,,,,,,,,,,,,,,,,,,,,,,,,,,,,,,,,,,,,,,,,,,,,,,,,,,,UMNK88_pK887,,,,,,,,,faeC,50
faeD,51,,,,,,,,,,,,,,,,,,,,,,,,,,,,,,,,,,,,,,,,,,,,,,,,,,,,,,,,,UMNK88_pK888,,,,,,,,,faeD,51
faeE,52,,,,,,,,,,,,,,,,,,,,,,,,,,,,,,,,,,,,,,,,,,,,,,,,,,,,,,,,,UMNK88_pK889,,,,,,,,,faeE,52
faeE,53,,,,,,,,,,,,,,,,,,,,,,,,,,,,,,,,,,,,,,,,,,,,,,,,,,,,,,,,,UMNK88_pK8810,,,,,,,,,faeE,53
faeG,54,,,,,,,,,,,,,,,,,,,,,,,,,,,,,,,,,,,,,,,,,,,,,,,,,,,,,,,,,UMNK88_pK8811,,,,,,,,,faeG,54
faeH,55,,,,,,,,,,,,,,,,,,,,,,,,,,,,,,,,,,,,,,,,,,,,,,,,,,,,,,,,,UMNK88_pK8812,,,,,,,,,faeH,55
faeI,56,,,,,,,,,,,,,,,,,,,,,,,,,,,,,,,,,,,,,,,,,,,,,,,,,,,,,,,,,UMNK88_pK8813,,,,,,,,,faeI,56
faeJ,57,,,,,,,,,,,,,,,,,,,,,,,,,,,,,,,,,,,,,,,,,,,,,,,,,,,,,,,,,UMNK88_pK8814,,,,,,,,,faeJ,57
papX,58,ECP_4531,,,ECABU_c32610,APECO1_2260,,c3582,,,,,,,,,,,,,,,,,,,,,,,,,ECUMN_3330,,EC958_3259,,,,,ECS88_4713,,,,,,,,,,CE10_3421,ECIAI39_3395,,,,UM146_21640,,,,,,UTI89_C4886,,ECVR50_3290,,,i02_3278,papX,58
papG,59,ECP_4533,,,ECABU_c48460,APECO1_3527,,"c3583, c5179",,,,ECNA114_4667,,,,,,,,,,,,,,,,,,,,,ECUMN_3331,,,,,,,ECS88_3257,,,,,,,,,,CE10_4868,ECIAI39_4595,,,,UM146_21645,,,,,,UTI89_C4887,,,,,,papG,59
papF,60,ECP_4534,,,ECABU_c48470,APECO1_3526,,"c3584, c5180",,,,ECNA114_4666,,,,,,,,,,,,,,,,,,,,,ECUMN_3332,,,,,,,ECS88_3258,,,,,,,,,,"CE10_3426, CE10_4867",ECIAI39_3400,,,,UM146_21650,,,,,,UTI89_C4888,,,,,,papF,60
papE,61,ECP_4535,,,ECABU_c48480,APECO1_3525,,"c3585, c5181",,,,ECNA114_4665,,,,,,,,,,,,,,,,,,,,,ECUMN_3333,,,,,,,ECS88_3259,,,,,,,,,,"CE10_3427, CE10_4866",ECIAI39_4593,,,,UM146_21655,,,,,,UTI89_C4889,,,,,,papE,61
papK,62,ECP_4536,,,ECABU_c48490,APECO1_3524,,"c3586, c5182",,,,ECNA114_4664,,,,,,,,,,,,,,,,,,,,,ECUMN_3334,,,,,,,ECS88_3260,,,,,,,,,,CE10_4864,ECIAI39_4592,,,,UM146_21660,,,,,,UTI89_C4890,,,,,,papK,62
papJ,63,ECP_4537,,,ECABU_c48500,APECO1_3523,,"c3588, c5184",,,,,,,,,,,,,,,,,,,,,,,,,ECUMN_3335,,,,,,,ECS88_3261,,,,,,,,,,,ECIAI39_4591,,,,UM146_21665,,,,,,UTI89_C4891,,,,,,papJ,63
papD,64,ECP_4538,,,ECABU_c48510,APECO1_3522,,"c3589, c5185",,,,ECNA114_4662,,,,,,,,,,,,,,,,,,,,,ECUMN_3336,,,,,,,ECS88_3262,,,,,,,,,,CE10_4863,ECIAI39_4590,,,,UM146_21670,,,,,,UTI89_C4892,,,,,,papD,64
papC,65,ECP_4539,,,ECABU_c48520,APECO1_3521,,"c3590, c5186",,,,ECNA114_4661,,,,,,,,,,,,,,,,,,,,,ECUMN_3337,,,,,,,ECS88_3263,,,,,,,,,,CE10_4862,ECIAI39_4589,,,,UM146_21675,,,,,,UTI89_C4893,,,,,,papC,65
papH,66,ECP_4540,,,ECABU_c48530,APECO1_3520,,"c3591, c5187",,,,ECNA114_4660,,,,,,,,,,,,,,,,,,,,,ECUMN_3338,,,,,,,ECS88_3264,,,,,,,,,,CE10_4861,ECIAI39_4588,,,,UM146_21680,,,,,,UTI89_C4894,,,,,,papH,66
papA,67,ECP_4541,,,ECABU_c48540,APECO1_3519,,"c3592, c5188",,,,ECNA114_4659,,,,,,,,,,,,,,,,,,,,,ECUMN_3339,,,,,,,ECS88_3265,,,,,,,,,,CE10_3429,ECIAI39_4587,,,,UM146_21685,,,,,,UTI89_C4895,,,,,,papA,67
papB,68,ECP_4542,,,ECABU_c48550,APECO1_3518,,"c3592a, c5188a",,,,,,,,,,,,,,,,,,,,,,,,,ECUMN_3340,,,,,,,ECS88_3266,,,,,,,,,,,ECIAI39_4586,,,,UM146_21690,,,,,,UTI89_C4896,,,,,,papB,68
papI,69,,,,ECABU_c48570,APECO1_3517,,"c3593, c5189",,,,ECNA114_4742,,,,,,,,,,,,,,,,,,,,,ECUMN_3341,,EC958_3262,,,,,ECS88_3267,,,,,,,,,,"CE10_3431, CE10_4858",ECIAI39_3407,,,,UM146_21695,,,,,,UTI89_C4897,,ECVR50_3300,,,i02_3286,papI,69
paa,70,,,,,,,,,,,,ECO103_1701,,,,,,,,ECO111_1963,,ECH74115_1760,,Z2053,,ECs1772,,ECSP_1663,,CDCO157_1702,,,,,ECO26_1788,,,,,,G2583_1547,,ECO55CA74_07520,,,,,,,,,,,,,,,,,,,,,,,paa,70
sfaC,71,ECP_0291,,,,,,,,,,,,,,,,,,,,,,,,,,,,,,,,ECOK1_1096,,,,,,,,,,,,,,,,,,,,,UM146_12370,,,,,,UTI89_C1107,,,,,,sfaC,71
sfaB,72,ECP_0292,,,,,,,,,,,,,,,,,,,,,,,,,,,,,,,,ECOK1_1097,,,,,,,,,,,,,,,,,,,,,UM146_12365,,,,,,UTI89_C1108,,,,,,sfaB,72
sfaA,73,ECP_0293,,,,,,,,,,,,,,,,,,,,,,,,,,,,,,,,ECOK1_1098,,,,,,,,,,,,,,,,,,,,,UM146_12360,,,,,,UTI89_C1109,,,,,,sfaA,73
sfaD,74,ECP_0294,,,,,,,,,,,,,,,,,,,,,,,,,,,,,,,,ECOK1_1099,,,,,,,,,,,,,,,,,,,,,UM146_12355,,,,,,UTI89_C1110,,,,,,sfaD,74
sfaE,75,ECP_0295,,,,,,,,,,,,,,,,,,,,,,,,,,,,,,,,ECOK1_1100,,,,,,,,,,,,,,,,,,,,,UM146_12350,,,,,,UTI89_C1111,,,,,,sfaE,75
sfaF,76,ECP_0296,,,,,,,,,,,,,,,,,,,,,,,,,,,,,,,,ECOK1_1101,,,,,,,,,,,,,,,,,,,,,UM146_12345,,,,,,UTI89_C1112,,,,,,sfaF,76
sfaG,77,ECP_0297,,,,,,,,,,,,,,,,,,,,,,,,,,,,,,,,ECOK1_1102,,,,,,,,,,,,,,,,,,,,,UM146_12340,,,,,,UTI89_C1113,,,,,,sfaG,77
sfaS,78,ECP_0298,,,,,,,,,,,,,,,,,,,,,,,,,,,,,,,,ECOK1_1103,,,,,,,,,,,,,,,,,,,,,UM146_12335,,,,,,UTI89_C1114,,,,,,sfaS,78
sfaH,79,ECP_0299,,,,,,,,,,,,,,,,,,,,,,,,,,,,,,,,ECOK1_1104,,,,,,,,,,,,,,,,,,,,,UM146_12330,,,,,,UTI89_C1115,,,,,,sfaH,79
toxB,80,,,,,,,,,,,,,,,,,,,,,,,ECH74115_B0076,,L7095,,pO157p58,,ECSP_6070,,CDCO157_A0063,,,,,ECO26_p1-25,,,,,,,,,,,,,,,,,,,,,,,,,,,,,,toxB,80
fimB,81,ECP_4646,,,,APECO1_2118,,c5391,,,,ECNA114_4556,ECO103_5093,,,,,,,,ECO111_5166,E2348C_4619,ECH74115_5818,,Z5910,,ECs5271,,ECSP_5396,,CDCO157_4956,,ECUMN_4919,ECOK1_4810,EC958_0043*,ECO26_5509,,,,ECS88_4930,,G2583_5113,,ECO55CA74_24630,,ETEC_4624,,,APECO78_02700,CE10_5056,ECIAI39_4784,LF82_0659,NRG857_21755,,UM146_22250,,,,,,UTI89_C5009,,ECVR50_4794,,b4312,i02_4909,fimB,81
fimE,82,ECP_4647,,,,APECO1_2117,,c5392,,,,ECNA114_4558,ECO103_5094,,,,,,,,ECO111_5167,E2348C_4620,ECH74115_5819,,Z5911,,ECs5272,,ECSP_5397,,CDCO157_4957,,ECUMN_4920,ECOK1_4811,EC958_0044,ECO26_5510,,,,ECS88_4931,,G2583_5114,,ECO55CA74_24635,,ETEC_4625,,,APECO78_02705,CE10_5057,ECIAI39_4785,LF82_0662,NRG857_21760,,UM146_22255,,,,,,UTI89_C5010,,ECVR50_4793,,b4313,i02_4910,fimE,82
fimA,83,ECP_4649,,,,APECO1_2116,,c5393,,,,ECNA114_4559,ECO103_5095,,,,,,,,ECO111_5168,E2348C_4621,ECH74115_5820,,Z5912,,ECs5273,,ECSP_5398,,CDCO157_4958,,ECUMN_4921,ECOK1_4812,EC958_0045,ECO26_5511,,,,ECS88_4932,,G2583_5115,,ECO55CA74_24640,,ETEC_4626,,,APECO78_02710,CE10_5058,ECIAI39_4787,LF82_0658,NRG857_21765,,UM146_22260,,,,,,UTI89_C5011,,ECVR50_4792,,b4314,i02_4911,fimA,83
fimI,84,ECP_4650,EC55989_4002,,,APECO1_2115,,c5394,,,,ECNA114_4560,ECO103_5096,,O3M_01160,,O3O_24545,,O3K_01130,,ECO111_5169,E2348C_4622,ECH74115_5821,,Z5913,,ECs5274,,ECSP_5399,,CDCO157_4959,,ECUMN_4922,ECOK1_4814,EC958_0046,ECO26_5512,,,,ECS88_4933,,G2583_5116,,ECO55CA74_24645,,ETEC_4627,,,APECO78_02715,CE10_5059,ECIAI39_4788,LF82_0666,NRG857_21770,,UM146_22265,,,,,,UTI89_C5012,,ECVR50_4791,,b4315,i02_4912,fimI,84
fimC,85,ECP_4651,,,,APECO1_2114,,c5395,,,,ECNA114_4561,ECO103_5097,,,,,,,,ECO111_5170,E2348C_4623,ECH74115_5822,,Z5914,,ECs5275,,ECSP_5400,,CDCO157_4960,,ECUMN_4923,ECOK1_4815,EC958_0047,ECO26_5513,,,,ECS88_4934,,G2583_5117,,ECO55CA74_24650,,ETEC_4628,,,APECO78_02720,CE10_5060,ECIAI39_4789,LF82_0660,NRG857_21775,,UM146_22270,,,,,,UTI89_C5013,,ECVR50_4790,,b4316,i02_4913,fimC,85
fimD,86,ECP_4652,EC55989_1637,,ECABU_c49540,APECO1_2113,,c5396,,,,ECNA114_4562,ECO103_5098,,O3M_12925,,O3O_12670,,O3K_12970,,ECO111_5171,E2348C_4624,ECH74115_5823,,Z5915,,ECs5276,,ECSP_5401,,CDCO157_4961,,ECUMN_4924,ECOK1_4816,EC958_0048,ECO26_5514,,EC042_1637,,ECS88_4935,,G2583_5118,,ECO55CA74_24655,,ETEC_4629,,,APECO78_02725,CE10_5061,ECIAI39_4790,LF82_0661,NRG857_21780,,UM146_22275,,,,,,UTI89_C5014,,ECVR50_4789,,b4317,i02_4914,fimD,86
fimF,87,ECP_4653,EC55989_1636,,ECABU_c49550,APECO1_2112,,c5397,EcE24377A_4915,,,ECNA114_4563,ECO103_5099,,O3M_12930,,O3O_12665,,O3K_12975,,ECO111_5174,E2348C_4625,ECH74115_5824,,Z5916,,ECs5277,,ECSP_5402,,CDCO157_4962,,ECUMN_4925,ECOK1_4817,EC958_0049,ECO26_5515,,EC042_1636,,ECS88_4936,,G2583_5119,,ECO55CA74_24660,,ETEC_4630,,,APECO78_02730,CE10_5062,ECIAI39_4791,LF82_0663,NRG857_21785,,UM146_22280,,,,,,UTI89_C5015,,ECVR50_4788,,b4318,i02_4915,fimF,87
fimG,88,ECP_4654,EC55989_1635,,ECABU_c49560,APECO1_2111,,c5399,EcE24377A_4916,,,ECNA114_4564,ECO103_5100,,O3M_12935,,O3O_12660,,O3K_12980,,ECO111_5175,E2348C_4626,ECH74115_5825,,Z5917,,ECs5278,,ECSP_5403,,CDCO157_4963,,ECUMN_4926,ECOK1_4818,EC958_0050,ECO26_5516,,EC042_1635,,ECS88_4937,,G2583_5120,,ECO55CA74_24665,,ETEC_4631,,,APECO78_02735,CE10_5063,ECIAI39_4792,LF82_0664,NRG857_21790,,UM146_22285,,,,,,UTI89_C5016,,ECVR50_4787,,b4319,i02_4916,fimG,88
fimH,89,ECP_4655,,,ECABU_c49570,APECO1_2110,,c5400,EcE24377A_4917,,,ECNA114_4565,ECO103_5101,,,,,,,,ECO111_5176,E2348C_4627,ECH74115_5826,,Z5918,,ECs5279,,ECSP_5404,,CDCO157_4964,,ECUMN_4927,ECOK1_4819,EC958_0051,ECO26_5517,,,,ECS88_4938,,G2583_5121,,ECO55CA74_24670,,ETEC_4632,,,APECO78_02740,CE10_5064,ECIAI39_4793,LF82_0665,NRG857_21795,,UM146_22290,,,,,,UTI89_C5017,,ECVR50_4786,,b4320,i02_4917,fimH,89
,,,,,,,,,,,,,,,,,,,,,,,,,,,,,,,,,,,,,,,,,,,,,,,,,,,,,,,,,,,,,,,,,,,,
aatA,90,,,,,,APECO1_O1CoBM96,,,,,,,,,,,,,,,,,,,,,,,,,,,,,,,,,,,,,,,,,,,,,,,,,,,,,,,,,,,,aatA,90
aida,91,,,,,,,,,,,,,,,,,,,,,,,,,,,,,,,,,,EC958_4121,,,,,,,,,,,,,,,,,,,,,,,,,,,,,,,i02_0334,aida,91
tibA,92,,,,,,,,,,,,,,,,,,,,,,,,,,,,,,,,,,,,,,,,,,,,,ETEC_2141,,,,,,,,,,,,,,,,,,,,,tibA,92
agn43,93,ECP_0332,EC55989_3357,,ECABU_c12300,,,"c1273, c3655",,,,ECNA114_4551,,,O3M_04255,,O3O_21435,,O3K_04220,,,,,,,,,,,,,,ECUMN_3400,,EC958_3314,ECO26_2901,,,,,,,,,,,,,,,,,,,,,,,,,,,"ECVR50_3268, ECVR50_2156",,b2000,i02_1166,agn43,93
cah,94,ECP_3009,,,,,,,"EcE24377A_3347, EcE24377A_4892",,,,ECO103_4895,,O3M_00325,,O3O_25300,,O3K_00310,,,,ECH74115_1395,,"Z1651, Z1211",,ECs1396,,ECSP_1319,,CDCO157_1332,,,ECOK1_1125,EC958_5138,ECO26_1353,,EC042_4803,,ECS88_4891,,G2583_3661,,ECO55CA74_17450,,ETEC_2119,,,,,,,,,UM146_12220,,UMNK88_1274,,,,UTI89_C1139,,,,,,cah,94
cdiA,95,ECP_4580,,,ECABU_c03050,,,c0345,,,,,,,,,,,,,,,,,,,,,,,,,,,,,,,,,,,,,,,,,,,,,,,UM146_21955,,,,,,UTI89_C4946,,,,,i02_0331,cdiA,95
cdiB,96,ECP_4581,,,ECABU_c03040,,,,,,,,,,,,,,,,,,,,,,,,,,,,,,,,,,,,,,,,,,,,,,,,,,UM146_21960,,,,,,UTI89_C4947,,,,,i02_0330,cdiB,96
ehaA,97,,EC55989_0317,,,,,,EcE24377A_0332,,,,ECO103_0292,,O3M_19905,,O3O_05375,,O3K_19925,,ECO111_0349,,ECH74115_0377,,Z0402,,ECs0362,,ECSP_0370,,CDCO157_0352,,,,,ECO26_0349,,EC042_0348,,,,G2583_0419,,ECO55CA74_01995,,,,,,,,,,,,,,,,,,,,,,,ehaA,97
ehaB,98,,EC55989_0378,,,,,,EcE24377A_0396,,,,ECO103_0349,,O3M_19625,,O3O_05655,,O3K_19640,,,,,,Z0469,,ECs0424,,,,CDCO157_0412,,,ECOK1_0352,EC958_0509,,,EC042_0404,,ECS88_0367,,G2583_0482,,ECO55CA74_02320,,,,,APECO78_05365,CE10_0335,ECIAI39_0309,LF82_062,NRG857_01740,,,,UMNK88_421,,,,UTI89_C0389,,,,,,ehaB,98
air/eaeX,99,,,,,,,,,,,,,,,,,,,,,,,,,,,,,,,,ECUMN_4186,,,,,EC042_4012,,,,,,,,,,,,CE10_4300,,,,,,,,,,,,,,,,,air/eaeX,99
espC,100,,,,,,,,,,,ECNA114_4310,,,,,,,,,,E2348C_2915,,,,,,,,,,,,,EC958_4614,,,,,,,,,,,,,,,,,,,,,,,,,,,,,,,,espC,100
espI,101,,,,,,,,,,,,ECO103_3805,,,,,,,,,,,,,,,,,,,,,,,,,,,,,,,,,,,,,,,,,,,,,,,,,,,,,,espI,101
espP,102,,,,,,,,,,,,,,,,,,,,,,,ECH74115_B0104,,L7020,,pO157p78,,ECSP_6096,,CDCO157_A0080,,,,,,,,,,,,,,,,,,,,,,,,,,,,,,,,,,,espP,102
pet,103,,EC55989_4682,,,,,,,,,,,,O3M_22910,,O3O_02375,,O3K_23005,,,,,,,,,,,,,,,,,,,,EC042_pAA035,,,,,,,,,,,,,,,,,,,,,,,,,,,,pet,103
pic,104,,EC55989_4660,,ECABU_c03110,,,c0350,,,EcE24377A_E0051,,,,O3M_23055,,O3O_02220,,O3K_23140,,,,,,,,,,,,,,,,,,,EC042_4593,,,,,,,,,ETEC_p948_0020,,,,,,,,,,,,,,,,,,,,pic,104
sat,105,,,pEC55989_0068*,ECABU_c32840,,,c3619,,,,,,,,,,,,,,,,,,,,,,,,,ECUMN_3367,,EC958_3278,,,,,,,,,,,,,,,CE10_3452,,,,,,,,,,,,,ECVR50_3325,,,i02_3313,sat,105
tsh,106,,,,,,APECO1_O1CoBM73,,,,,,,,,,,,,,,,,,,,,,,,,,,,EC958_4611,,,,,,,,,,,,,,,,,,,,,,,,,,,,,,,,tsh,106
upaG/ehaG,107,ECP_3703,EC55989_4069,,ECABU_c40430,APECO1_2853,,c4424,EcE24377A_4106,,,ECNA114_3755,ECO103_4577,,O3M_00845,,O3O_24855,,O3K_00815,,ECO111_4427,,ECH74115_4975,,Z5029,,ECs4480,,ECSP_4599,,CDCO157_4217,,,ECOK1_4046,EC958_4009,ECO26_4995,,EC042_3912,,ECS88_4019,,G2583_4341,,,,,,,APECO78_21855,CE10_4162,,LF82_557,NRG857_17920,,UM146_18175,,,,,,UTI89_C4143,,,,,i02_4088,upaG/ehaG,107
upaH,108,ECP_1410,,,ECABU_c16400,,,,,,,,,,,,,,,,,,,,,,,,,,,,,,EC958_1689,,,,,,,,,,,,,,,,,,,,,,,,,,,,,,,i02_1656,upaH,108
vat,109,ECP_0345,,"pEC55989_0061*, pEC55989_0062*",ECABU_c03670,APECO1_1712,,c0393,,,,,,,,O3M_26437,,O3O_26117,,O3K_26432,,,,,,,,,,,,,,ECOK1_0270,,,,,,ECS88_0280,,,,,,,,,,,,LF82_043,NRG857_01335,,UM146_15930,,,,,,,,,,,,vat,109
,,,,,,,,,,,,,,,,,,,,,,,,,,,,,,,,,,,,,,,,,,,,,,,,,,,,,,,,,,,,,,,,,,,,
ibeA,110,,,,,APECO1_2093,,,,,,,,,,,,,,,,,,,,,,,,,,,,ECOK1_4837,,,,,,,,,,,,,,,,,,LF82_734,NRG857_21885,,UM146_22380,,,,,,UTI89_C5035,,,,,,ibeA,110
ibeB,111,ECP_0603,EC55989_0563,,ECABU_c06210,APECO1_1476,,c0658,EcE24377A_0590,,,ECNA114_0503,ECO103_0577,,O3M_18730,,O3O_06540,,O3K_18755,,ECO111_0599,E2348C_0472,ECH74115_0653,,Z0711,,ECs0610,,ECSP_0624,,CDCO157_0594,,ECUMN_0662,ECOK1_0581,EC958_0679,ECO26_0644,,EC042_0606,,ECS88_0609,,G2583_0733,,ECO55CA74_03585,,ETEC_0600,,,APECO78_06435,CE10_0570,ECIAI39_0547,LF82_0387,NRG857_02570,,UM146_14655,,UMNK88_601,,,,UTI89_C0572,,ECVR50_0563,,,i02_0632,ibeB,111
ibeC,112,ECP_4168,EC55989_4437,,ECABU_c44660,APECO1_2512,,c4914,EcE24377A_4494,,,ECNA114_4095,ECO103_4711,ECO103_p22,O3M_23975,,O3O_01290,,O3K_24055,,ECO111_4780,E2348C_4267,ECH74115_5415,ECH74115_B0113,Z5513,L7028,ECs4884,pO157p81,ECSP_5024,ECSP_6104,CDCO157_4624,CDCO157_A0084,ECUMN_4486,ECOK1_4427,EC958_4441,ECO26_5072,ECO26_p1-87,EC042_4330,,ECS88_4410,,G2583_4767,,ECO55CA74_22860,,ETEC_4223,,,APECO78_00565,CE10_4629,ECIAI39_3034,LF82_3416,NRG857_19760,,UM146_20030,,UMNK88_4793,,,,UTI89_C4546,,ECVR50_4405,,,i02_4505,ibeC,112
tia,113,ECP_4525,EC55989_4831,,ECABU_c48390,APECO1_3530,,,,,,ECNA114_4668,,,,,,,,,,,,,,,,,,,,,,,,,,EC042_3176,,ECS88_3256,,,,,,ETEC_3907,,,,CE10_4869,ECIAI39_4596,,,,UM146_21625,,,,,,UTI89_C4882,,,,,,tia,113
,,,,,,,,,,,,,,,,,,,,,,,,,,,,,,,,,,,,,,,,,,,,,,,,,,,,,,,,,,,,,,,,,,,,
iutA,114,,EC55989_4641,,ECABU_c32830,,APECO1_O1CoBM168,c3623,,,,ECNA114_4697,,,O3M_22980,,O3O_02290,,O3K_23065,,ECO111_1297,,,,,,,,,,,,ECUMN_3371,,EC958_3275,ECO26_1349,,,,,pECS88_0009,,,,,,,,,CE10_3450,ECIAI39_3427,,,NRG857_30235,,,,,,,,,ECVR50_3327,,,i02_3316,iutA,114
iucD,115,,EC55989_4642,,ECABU_c32820,,APECO1_O1CoBM169,c3624,,,,ECNA114_4698,,,O3M_22985,,O3O_02285,,O3K_23070,,ECO111_1296,,,,,,,,,,,,ECUMN_3372,,EC958_3274,ECO26_1348,,,,,pECS88_0010,,,,,,,,,CE10_3449,ECIAI39_3426,,,NRG857_30237,,,,,,,,,ECVR50_3328,,,i02_3317,iucD,115
iucC,116,,EC55989_4643,,ECABU_c32810,,APECO1_O1CoBM170,c3625,,,,ECNA114_4699,,,O3M_22990,,O3O_02280,,O3K_23075,,ECO111_1295,,,,,,,,,,,,ECUMN_3373,,EC958_3273,ECO26_1347,,,,,pECS88_0011,,,,,,,,,CE10_3448,ECIAI39_3425,,,NRG857_30238,,,,,,,,,ECVR50_3329,,,i02_3318,iucC,116
iucB,117,,EC55989_4644,,ECABU_c32800,,APECO1_O1CoBM171,c3626,,,,ECNA114_4700,,,O3M_22995,,O3O_02275,,O3K_23080,,ECO111_1294,,,,,,,,,,,,ECUMN_3374,,EC958_3272,ECO26_1346,,,,,pECS88_0012,,,,,,,,,CE10_3447,ECIAI39_3424,,,NRG857_30239,,,,,,,,,ECVR50_3330,,,i02_3319,iucB,117
iucA,118,,EC55989_4645,,ECABU_c32790,,APECO1_O1CoBM172,c3627,,,,ECNA114_4701,,,O3M_23000,,O3O_02270,,O3K_23085,,ECO111_1293,,,,,,,,,,,,ECUMN_3375,,EC958_3271,ECO26_1345,,,,,pECS88_0013,,,,,,,,,CE10_3446,ECIAI39_3423,,,NRG857_30241,,,,,,,,,ECVR50_3331,,,i02_3320,iucA,118
chuS,119,ECP_3596,,,ECABU_c39380,APECO1_2949,,c4307,,,,ECNA114_3617,,,,,,,,,,E2348C_3742,ECH74115_4856,,Z4910,,ECs4379,,ECSP_4488,,CDCO157_4116,,ECUMN_3999,ECOK1_3937,EC958_3902,,,EC042_3794,,ECS88_3912,,G2583_4234,,ECO55CA74_20260,,,,,,CE10_4042,ECIAI39_4001,LF82_540,NRG857_17385,,UM146_17655,,,,,,UTI89_C4027,,,,,i02_3976,chuS,119
chuA,120,ECP_3597,,,ECABU_c39390,APECO1_2948,,c4308,,,,ECNA114_3618,,,,,,,,,,E2348C_3743,ECH74115_4857,,Z4911,,ECs4380,,ECSP_4489,,CDCO157_4117,,ECUMN_4000,ECOK1_3938,EC958_3903,,,EC042_3795,,ECS88_3913,,G2583_4235,,ECO55CA74_20265,,,,,,CE10_4043,ECIAI39_4002,LF82_541,NRG857_17390,,UM146_17660,,,,,,UTI89_C4028,,,,,i02_3977,chuA,120
chuT,121,ECP_3600,,,ECABU_c39410,APECO1_2947,,c4313,,,,ECNA114_3621,,,,,,,,,,E2348C_3744,ECH74115_4861,,Z4913,,ECs4382,,ECSP_4491,,CDCO157_4119,,ECUMN_4002,ECOK1_3940,EC958_3905,,,EC042_3796,,ECS88_3914,,G2583_4237,,ECO55CA74_20275,,,,,,CE10_4045,ECIAI39_4004,LF82_542,NRG857_17395,,UM146_17665,,,,,,UTI89_C4033,,,,,i02_3981,chuT,121
chuW,122,ECP_3601,,,ECABU_c39420,APECO1_2946,,c4314,,,,ECNA114_3622,,,,,,,,,,E2348C_3745,ECH74115_4862,,Z4914,,ECs4383,,ECSP_4492,,CDCO157_4120,,ECUMN_4003,ECOK1_3941,EC958_3906,,,EC042_3797,,ECS88_3915,,G2583_4238,,ECO55CA74_20280,,,,,,CE10_4046,ECIAI39_4005,LF82_543,NRG857_17400,,UM146_17670,,,,,,UTI89_C4034,,,,,i02_3982,chuW,122
chuX,123,ECP_3602,,,ECABU_c39430,APECO1_2945,,c4315,,,,ECNA114_3623,,,,,,,,,,E2348C_3746,ECH74115_4863,,Z4915,,ECs4384,,ECSP_4493,,CDCO157_4121,,ECUMN_4004,ECOK1_3942,EC958_3907,,,EC042_3798,,ECS88_3916,,G2583_4239,,ECO55CA74_20285,,,,,,CE10_4047,ECIAI39_4006,LF82_544,NRG857_17405,,UM146_17675,,,,,,UTI89_C4035,,,,,i02_3983,chuX,123
chuY,124,ECP_3603,,,ECABU_c39440,APECO1_2944,,c4316,,,,ECNA114_3624,,,,,,,,,,E2348C_3747,ECH74115_4864,,Z4917,,ECs4385,,ECSP_4494,,CDCO157_4122,,ECUMN_4005,ECOK1_3943,EC958_3908,,,EC042_3799,,ECS88_3917,,G2583_4240,,ECO55CA74_20290,,,,,,CE10_4048,ECIAI39_4007,LF82_545,NRG857_17410,,UM146_17680,,,,,,UTI89_C4036,,,,,i02_3984,chuY,124
chuU,125,ECP_3604,,,ECABU_c39450,APECO1_2943,,c4317,,,,ECNA114_3625,,,,,,,,,,E2348C_3748,ECH74115_4865,,Z4918,,ECs4386,,ECSP_4495,,CDCO157_4123,,ECUMN_4006,ECOK1_3944,EC958_3909,,,EC042_3800,,ECS88_3918,,G2583_4241,,ECO55CA74_20295,,,,,,CE10_4049,ECIAI39_4008,LF82_546,NRG857_17415,,UM146_17685,,,,,,UTI89_C4037,,,,,i02_3985,chuU,125
ireA,126,,,,,APECO1_3497,,c5174,,,,ECNA114_4546,,,,,,,,,,,,,,,,,,,,,,,,,,,,ECS88_3295,,,,,,,,,,,,,,,,,,,,,,,,,,,ireA,126
sitA,127,ECP_1192,,,ECABU_c14180,APECO1_274,APECO1_O1CoBM180,c1600,,,,ECNA114_1304,,,,,,,,,,,,,,,,,,,,,ECUMN_1441,ECOK1_1304,EC958_5193,,,EC042_1521,,ECS88_1217,pECS88_0022,,,,,,,,,CE10_1319,ECIAI39_1919,LF82_187,NRG857_05895,,UM146_11305,,,,,,UTI89_C1339,,,,,i02_1430,sitA,127
sitB,128,ECP_1191,,,ECABU_c14170,APECO1_273,APECO1_O1CoBM179,c1599,,,,ECNA114_1303,,,,,,,,,,,,,,,,,,,,,ECUMN_1440,ECOK1_1303,EC958_1391,,,EC042_1520,,ECS88_1216,pECS88_0021,,,,,,,,,CE10_1318,ECIAI39_1920,LF82_186,NRG857_05890,,UM146_11310,,,,,,UTI89_C1338,,,,,i02_1429,sitB,128
sitC,129,ECP_1190,,,ECABU_c14160,APECO1_272,APECO1_O1CoBM178,c1598,,,,ECNA114_1302,,,,,,,,,,,,,,,,,,,,,ECUMN_1439,ECOK1_1302,EC958_1390,,,EC042_1519,,ECS88_1215,pECS88_0020,,,,,,,,,CE10_1317,ECIAI39_1921,LF82_185,NRG857_05885,,UM146_11315,,,,,,UTI89_C1337,,,,,i02_1428,sitC,129
sitD,130,ECP_1189,,,ECABU_c14150,APECO1_271,APECO1_O1CoBM177,c1597,,,,ECNA114_1301,,,,,,,,,,,,,,,,,,,,,ECUMN_1438,ECOK1_1301,EC958_1389,,,EC042_1518,,ECS88_1214,pECS88_0019,,,,,,,,,CE10_1316,ECIAI39_1922,LF82_184,NRG857_05880,,UM146_11320,,,,,,UTI89_C1336,,,,,i02_1427,sitD,130
iroN,131,ECP_0302,,,ECABU_c12070,,APECO1_O1CoBM137,c1250,,,,,,,,,,,,,,,,,,,,,,,,,,ECOK1_1107,,,,,,,pECS88_0124,,,,,,,,,,,,,NRG857_30015,UM146_12315,,,,,,UTI89_C1118,,,,,i02_1144,iroN,131
iroE,132,ECP_0303,,,ECABU_c12080,,APECO1_O1CoBM138,c1251,,,,,,,,,,,,,,,,,,,,,,,,,,ECOK1_1108,,,,,,,pECS88_0125,,,,,,,,,,,,,NRG857_30013,UM146_12310,,,,,,UTI89_C1119,,,,,i02_1145,iroE,132
iroD,133,ECP_0304,,,ECABU_c12090,,APECO1_O1CoBM139,c1252,,,,,,,,,,,,,,,,,,,,,,,,,,ECOK1_1109,,,,,,,pECS88_0126,,,,,,,,,,,,,NRG857_30012,UM146_12305,,,,,,UTI89_C1120,,,,,i02_1146,iroD,133
iroC,134,ECP_0305,,,ECABU_c12100,,APECO1_O1CoBM140,c1253,,,,,,,,,,,,,,,,,,,,,,,,,,ECOK1_1110,,,,,,,pECS88_0127,,,,,,,,,,,,,NRG857_30010,UM146_12300,,,,,,UTI89_C1121,,,,,i02_1147,iroC,134
iroB,135,ECP_0306,,,ECABU_c12110,,APECO1_O1CoBM141,c1254,,,,,,,,,,,,,,,,,,,,,,,,,,ECOK1_1111,,,,,,,pECS88_0128,,,,,,,,,,,,,NRG857_30008,UM146_12295,,,,,,UTI89_C1122,,,,,i02_1148,iroB,135
ybtS,136,ECP_1937,EC55989_2202,,ECABU_c22360,APECO1_1052,,c2419,,,,ECNA114_2040,,,O3M_09695,,O3O_15895,,O3K_09730,,,,,,,,,,,,,,ECUMN_2268,,EC958_2284,,,EC042_2208,,ECS88_2032,,,,,,ETEC_2076,,,,CE10_2256,ECIAI39_1080,LF82_295,NRG857_09865,,UM146_07315,,,,,,UTI89_C2178,,ECVR50_2111,,,i02_2236,ybtS,136
ybtX,137,ECP_1938,EC55989_2203,,ECABU_c22370,APECO1_1054,,c2420,,,,ECNA114_2041,,,O3M_09690,,O3O_15900,,O3K_09725,,,,,,,,,,,,,,ECUMN_2269,ECOK1_2145,EC958_2285,,,EC042_2209,,ECS88_2033,,,,,,ETEC_2077,,,,CE10_2257,ECIAI39_1079,LF82_296,NRG857_09870,,UM146_07310,,,,,,UTI89_C2179,,ECVR50_2112,,,i02_2237,ybtX,137
ybtQ,138,ECP_1939,EC55989_2204,,ECABU_c22380,APECO1_1055,,c2421,,,,ECNA114_2042,,,O3M_09685,,O3O_15905,,O3K_09720,,,,,,,,,,,,,,ECUMN_2270,ECOK1_2146,EC958_2286,,,EC042_2210,,ECS88_2034,,,,,,ETEC_2078,,,,CE10_2258,ECIAI39_1078,LF82_297,NRG857_09875,,UM146_07305,,,,,,UTI89_C2180,,ECVR50_2113,,,i02_2238,ybtQ,138
ybtP,139,ECP_1940,EC55989_2205,,ECABU_c22390,APECO1_1056,,c2422,,,,ECNA114_2043,,,O3M_09680,,O3O_15910,,O3K_09715,,,,,,,,,,,,,,ECUMN_2271,ECOK1_2147,EC958_2287,,,EC042_2211,,ECS88_2035,,,,,,ETEC_2079,,,,CE10_2259,ECIAI39_1077,LF82_298,NRG857_09880,,UM146_07300,,,,,,UTI89_C2181,,ECVR50_2114,,,i02_2239,ybtP,139
ybtA,140,ECP_1941,EC55989_2206,,ECABU_c22400,APECO1_1057,,c2423,,,,ECNA114_2044,,,O3M_09675,,O3O_15915,,O3K_09710,,,,,,,,,,,,,,ECUMN_2272,ECOK1_2148,EC958_2288,,,EC042_2212,,ECS88_2036,,,,,,ETEC_2080,,,,CE10_2260,ECIAI39_1076,LF82_299,NRG857_09885,,UM146_07295,,,,,,UTI89_C2182,,ECVR50_2115,,,i02_2240,ybtA,140
irp2,141,ECP_1942,EC55989_2207,,ECABU_c22410,APECO1_1058,,c2424,,,,ECNA114_2045,,,O3M_09670,,O3O_15920,,O3K_09705,,,,,,,,,,,,,,ECUMN_2273,ECOK1_2149,EC958_2289,,,EC042_2213,,ECS88_2037,,,,,,ETEC_2081,,,,CE10_2261,ECIAI39_1075,LF82_300,NRG857_09890,,UM146_07285,,,,,,UTI89_C2183,,ECVR50_2116,,,i02_2241,irp2,141
irp1,142,ECP_1943,EC55989_2208,,ECABU_c22420,APECO1_1059,,c2429,,,,ECNA114_20461,,,O3M_09665,,O3O_15925,,O3K_09700,,,,,,,,,,,,,,ECUMN_2274,ECOK1_2150,EC958_2290,,,EC042_2214,,ECS88_2038,,,,,,ETEC_2082,,,,CE10_2262,ECIAI39_1074,LF82_301,NRG857_09895,,UM146_07280,,,,,,UTI89_C2184,,ECVR50_2117,,,i02_2242,irp1,142
ybtU,143,ECP_1944,EC55989_2209,,ECABU_c22430,APECO1_1060,,c2430,,,,ECNA114_2047,,,O3M_09660,,O3O_15930,,O3K_09695,,,,,,,,,,,,,,ECUMN_2275,ECOK1_2151,EC958_2291,,,EC042_2215,,ECS88_2039,,,,,,ETEC_2083,,,,CE10_2263,ECIAI39_1073,LF82_302,NRG857_09900,,UM146_07275,,,,,,UTI89_C2185,,ECVR50_2118,,,i02_2244,ybtU,143
ybtT,144,ECP_1945,EC55989_2210,,ECABU_c22440,APECO1_1061,,c2432,,,,ECNA114_2048,,,O3M_09655,,O3O_15935,,O3K_09690,,,,,,,,,,,,,,ECUMN_2276,ECOK1_2152,EC958_2292,,,EC042_2216,,ECS88_2040,,,,,,ETEC_2084,,,,CE10_2264,ECIAI39_1072,LF82_303,NRG857_09905,,UM146_07270,,,,,,UTI89_C2186,,ECVR50_2119,,,i02_2245,ybtT,144
ybtE,145,ECP_1946,EC55989_2211,,ECABU_c22450,APECO1_1062,,c2433,,,,ECNA114_2049,,,O3M_09650,,O3O_15940,,O3K_09685,,,,,,,,,,,,,,ECUMN_2277,ECOK1_2153,EC958_2293,,,EC042_2217,,ECS88_2041,,,,,,ETEC_2085,,,,CE10_2265,ECIAI39_1071,LF82_304,NRG857_09910,,UM146_07265,,,,,,UTI89_C2187,,ECVR50_2120,,,i02_2246,ybtE,145
fyuA,146,ECP_1947,EC55989_2212,,ECABU_c22460,APECO1_1063,,c2436,,,,ECNA114_2050,,,O3M_09645,,O3O_15945,,O3K_09680,,,,,,,,,,,,,,ECUMN_2278,ECOK1_2154,EC958_2294,,,EC042_2218,,ECS88_2043,,,,,,ETEC_2086,,,,CE10_2266,ECIAI39_1070,LF82_305,NRG857_09915,,UM146_07260,,,,,,UTI89_C2188,,ECVR50_2121,,,i02_2247,fyuA,146
,,,,,,,,,,,,,,,,,,,,,,,,,,,,,,,,,,,,,,,,,,,,,,,,,,,,,,,,,,,,,,,,,,,,
espB,147,,,,,,,,,,,,ECO103_3604,,,,,,,,ECO111_3738,E2348C_3934,ECH74115_5049,,Z5105,,ECs4554,,ECSP_4669,,CDCO157_4288,,,,,ECO26_5285,,,,,,G2583_4409,,ECO55CA74_21160,,,,,,,,,,,,,,,,,,,,,,,espB,147
espF,148,,,,,,,,,,,,ECO103_3600,,,,,,,,ECO111_3734,E2348C_3930,ECH74115_5045,,Z5100,,ECs4550,,ECSP_4665,,CDCO157_4284,,,,,ECO26_5289,,,,,,G2583_4405,,ECO55CA74_21135,,,,,,,,,,,,,,,,,,,,,,,espF,148
espG,149,,,,,,,,,,,,ECO103_3639,,,,,,,,ECO111_3731,E2348C_3970,ECH74115_5081,,Z5142,,ECs4590,,ECSP_4704,,CDCO157_4324,,,,,ECO26_5250,,,,,,G2583_4444,,ECO55CA74_21325,,,,,,,,,,,,,,,,,,,,,,,espG,149
espH,150,,,,,,,,,,,,ECO103_3614,,,,,,,,ECO111_3748,E2348C_3944,ECH74115_5059,,Z5115,,ECs4564,,ECSP_4679,,CDCO157_4298,,,,,ECO26_5275,,,,,,G2583_4419,,,,,,,,,,,,,,,,,,,,,,,,,espH,150
map,151,,,,,,,,,,,,ECO103_3612,,,,,,,,ECO111_3746,E2348C_3942,ECH74115_5057,,Z5113,,ECs4562,,ECSP_4677,,CDCO157_4296,,,,,ECO26_5277,,,,,,G2583_4417,,ECO55CA74_21200,,,,,,,,,,,,,,,,,,,,,,,map,151
sepZ,152,,,,,,,,,,,,ECO103_3621,,,,,,,,ECO111_3755,E2348C_3951,,,Z5122,,ECs4571,,ECSP_4686,,CDCO157_4306,,,,,ECO26_5268,,,,,,G2583_4426,,ECO55CA74_21235,,,,,,,,,,,,,,,,,,,,,,,sepZ,152
tir,153,,,,,,,,,,,,ECO103_3611,,,,,,,,ECO111_3745,E2348C_3941,ECH74115_5056,,Z5112,,ECs4561,,ECSP_4676,,CDCO157_4295,,,,,ECO26_5278,,,,,,G2583_4416,,ECO55CA74_21195,,,,,,,,,,,,,,,,,,,,,,,tir,153
,,,,,,,,,,,,,,,,,,,,,,,,,,,,,,,,,,,,,,,,,,,,,,,,,,,,,,,,,,,,,,,,,,,,
cif,154,,,,,,,,,,,,,,,,,,,,,E2348C_0719*,,,,,,,,,,,,,,,,,,,,,,,,,,,,,,,,,,,,,,,,,,,,,cif,154
espFu/tccP,155,,,,,,,,,,,,,,,,,,,,,,ECH74115_2756,,Z3072,,ECs2715,,ECSP_2584,,CDCO157_2509,,,,,,,,,,,G2583_2429,,ECO55CA74_11675,,,,,,,,,,,,,,,,,,,,,,,espFu/tccP,155
espG2,156,,,,,,,,,,,,,,,,,,,,,E2348C_2916,,,,,,,,,,,,,,,,,,,,,,,,,,,,,,,,,,,,,,,,,,,,,espG2,156
espJ,157,,,,,,,,,,,,,,,,,,,,ECO111_0833,E2348C_0723,ECH74115_2754,,Z3071,,ECs2714,,ECSP_2583,,CDCO157_2508,,,,,ECO26_0898,,,,,,G2583_2428,,ECO55CA74_11665,,,,,,,,,,,,,,,,,,,,,,,espJ,157
espK,158,,,,,,,,,,,,ECO103_2291,,,,,,,,ECO111_1472,,ECH74115_1565,,Z1829,,ECs1568,,ECSP_1484,,CDCO157_1500,,,,,ECO26_1526,,,,,,,,,,,,,,,,,,,,,,,,,,,,,,,espK,158
espL1,159,,,,,,,,,,,,,,,,,,,,,,ECH74115_2438,,Z2749,,ECs2427,,ECSP_2287,,CDCO157_2261,,,,,,,,,,,G2583_2167,,ECO55CA74_10395,,,,,,,,,,,,,,,,,,,,,,,espL1,159
espL2,160,,,,,,,,,,,,ECO103_4918,,,,,,,,ECO111_3724,E2348C_3230,ECH74115_4284,,Z4326,,ECs3855,,ECSP_3951,,CDCO157_3603,,,,,ECO26_5295,,,,,,G2583_3637,,ECO55CA74_17340,,,,,,,,,,,,,,,,,,,,,,,espL2,160
espL4,161,,,,,,,,,,,,,,,,,,,,ECO111_4829,,ECH74115_5486,,Z5608,,ECs4935,,ECSP_5086,,CDCO157_4676,,,,,,,,,,,,,,,,,,,,,,,,,,,,,,,,,,,,espL4,161
espM1,162,,,,,,,,,,,,,,,,,,,,ECO111_1991,,ECH74115_1815,,Z2565,,ECs1825,,ECSP_1712,,CDCO157_1748,,,,,ECO26_1817,,,,,,G2583_0344,,,,,,,,,,,,,,,,,,,,,,,,,espM1,162
espM2,163,,,,,,,,,,,,ECO103_2059,,,,,,,,ECO111_4919,,,,Z3918,,ECs3485,,ECSP_3567,,CDCO157_3250,,,,,ECO26_1641,,,,,,G2583_3204,,ECO55CA74_01630,,,,,,,,,,,,,,,,,,,,,,,espM2,163
espN,164,,,,,,,,,,,,ECO103_1230,,,,,,,,ECO111_1469,,ECH74115_1559,,Z1824,,ECs1561,,ECSP_1479,,CDCO157_1495,,,,,ECO26_3664,,,,,,,,,,,,,,,,,,,,,,,,,,,,,,,espN,164
espO1-1,165,,,,,,,,,,,,ECO103_2292,,,,,,,,ECO111_1471,,,,,,ECs1567,,ECSP_1483,,CDCO157_1499,,,,,ECO26_1525,,,,,,G2583_0348,,,,,,,,,,,,,,,,,,,,,,,,,espO1-1,165
espO1-2,166,,,,,,,,,,,,,,,,,,,,ECO111_1994,,,,,,ECs1821,,ECSP_1710,,CDCO157_1746,,,,,ECO26_1814,,,,,,,,,,,,,,,,,,,,,,,,,,,,,,,espO1-2,166
espR1,167,,,,,,,,,,,,ECO103_1600,,,,,,,,ECO111_1861,,ECH74115_2080,,Z2242,,ECs2073,,ECSP_1954,,CDCO157_1917,,,,,ECO26_2069,,,,,,G2583_1832,,ECO55CA74_08965,,,,,,,,,,,,,,,,,,,,,,,espR1,167
espR3,168,,,,,,,,,,,,,,,,,,,,,,ECH74115_2708,,Z3023,,,,ECSP_2538,,CDCO157_2468B,,,,,,,,,,,G2583_2384,,ECO55CA74_11475,,,,,,,,,,,,,,,,,,,,,,,espR3,168
espR4,169,,,,,,,,,,,,,,,,,,,,,,ECH74115_2711,,Z3026,,,,ECSP_2540,,CDCO157_2468D,,,,,,,,,,,G2583_2386,,ECO55CA74_11485,,,,,,,,,,,,,,,,,,,,,,,espR4,169
espV,170,,,,,,,,,,,,,,,,,,,,,,,,Z1387,,ECs1127,,,,CDCO157_1092,,,,,,,,,,,,,,,,,,,,,,,,,,,,,,,,,,,,espV,170
espW,171,,,,,,,,,,,,ECO103_2061,,,,,,,,ECO111_4917,,ECH74115_3869,,Z3920,,ECs3487,,ECSP_3569,,CDCO157_3252,,,,,ECO26_1639,,,,,,G2583_0342,,,,,,,,,,,,,,,,,,,,,,,,,espW,171
espX1,172,,,,,,,,,,,,ECO103_0023,,,,,,,,ECO111_0022,,ECH74115_0025,,Z0025,,ECs0025,,ECSP_0023,,CDCO157_0023,,,,,ECO26_0022,,,,,,G2583_0023,,ECO55CA74_00110,,,,,,,,,,,,,,,,,,,,,,,espX1,172
espX2,173,,,,,,,,,,,,,,,,,,,,,,ECH74115_0947,,Z1019,,ECs0876,,ECSP_0895,,CDCO157_0854,,,,,,,,,,,G2583_1026,,ECO55CA74_04980,,,,,,,,,,,,,,,,,,,,,,,espX2,173
espX4,174,,,,,,,,,,,,,,,,,,,,,,ECH74115_5519,,Z5636,,ECs5021,,ECSP_5116,,CDCO157_4704,,,,,,,,,,,G2583_4863,,ECO55CA74_23285,,,,,,,,,,,,,,,,,,,,,,,espX4,174
espX5,175,,,,,,,,,,,,,,,,,,,,,,ECH74115_5571,,Z5665,,ECs5048,,ECSP_5163,,CDCO157_4732,,,,,,,,,,,G2583_4891,,ECO55CA74_23425,,,,,,,,,,,,,,,,,,,,,,,espX5,175
espX6,176,,,,,,,,,,,,,,,,,,,,,,ECH74115_5846,,Z5935,,ECs5295,,ECSP_5420,,CDCO157_4980,,,,,,,,,,,G2583_5137,,ECO55CA74_24755,,,,,,,,,,,,,,,,,,,,,,,espX6,176
espX7,177,,,,,,,,,,,,ECO103_1229,,,,,,,,ECO111_1468,,ECH74115_1558,,Z1822,,ECs1560,,ECSP_1478,,CDCO157_1494,,,,,ECO26_3665,,,,,,,,,,,,,,,,,,,,,,,,,,,,,,,espX7,177
espY1,178,,,,,,,,,,,,,,,,,,,,,,,,Z0065,,ECs0061,,ECSP_0061,,CDCO157_0060,,,,,,,,,,,G2583_0060,,ECO55CA74_00290,,,,,,,,,,,,,,,,,,,,,,,espY1,178
espY2,179,,,,,,,,,,,,,,,,,,,,,,ECH74115_0075,,Z0078,,ECs0073,,ECSP_0073,,CDCO157_0072,,,,,,,,,,,G2583_0072,,ECO55CA74_00350,,,,,,,,,,,,,,,,,,,,,,,espY2,179
espY3,180,,,,,,,,,,,,,,,,,,,,,,ECH74115_0501,,Z0521,,ECs0472,,ECSP_0486,,CDCO157_0460,,,,,,,,,,,G2583_0530,,ECO55CA74_02570,,,,,,,,,,,,,,,,,,,,,,,espY3,180
espY4,181,,,,,,,,,,,,,,,,,,,,,,ECH74115_5147,,Z5211,,ECs4653,,ECSP_4764,,CDCO157_4389,,,,,,,,,,,G2583_4507,,ECO55CA74_21645,,,,,,,,,,,,,,,,,,,,,,,espY4,181
espY5,182,,,,,,,,,,,,,,,,,,,,,,,,Z5214,,ECs4657,,,,CDCO157_4393,,,,,,,,,,,,,,,,,,,,,,,,,,,,,,,,,,,,espY5,182
lifA/efa1,183,,,,,,,,,,,,ECO103_4914,,,,,,,,ECO111_5002,E2348C_3234,,,"Z4332, Z4333",,,,,,,,,,,ECO26_5291,,,,,,G2583_3641,,,,,,,,,,,,,,,,,,,,,,,,,lifA/efa1,183
nleA,184,,,,,,,,,,,,ECO103_0807,,,,,,,,ECO111_2959,E2348C_1442,ECH74115_1807,,Z6024,,ECs1812,,ECSP_1702,,CDCO157_1740,,,,,ECO26_3149,,,,,,,G2583_pO550114,,ECO55CA74_26189,,,,,,,,,,,,,,,,,,,,,,nleA,184
nleB1,185,,,,,,,,,,,,ECO103_4917,,,,,,,,ECO111_5005,E2348C_3231,ECH74115_4286,,Z4328,,ECs3857,,ECSP_3953,,CDCO157_3604,,,,,ECO26_5294,,,,,,,,ECO55CA74_17350,,,,,,,,,,,,,,,,,,,,,,,nleB1,185
nleB2-1,186,,,,,,,,,,,,ECO103_2227,,,,,,,,,E2348C_1041,ECH74115_0917,,Z0985,,ECs0846,,ECSP_0865,,CDCO157_0824,,,,,,,,,,,G2583_0995,,ECO55CA74_04830,,,,,,,,,,,,,,,,,,,,,,,nleB2-1,186
nleB2-2,187,,,,,,,,,,,,ECO103_0801,,,,,,,,,,,,,,,,,,,,,,,,,,,,,G2583_0347,,ECO55CA74_01645,,,,,,,,,,,,,,,,,,,,,,,nleB2-2,187
nleC,188,,,,,,,,,,,,,,,,,,,,ECO111_2392,E2348C_1042,ECH74115_0918,,Z0986,,ECs0847,,ECSP_0866,,CDCO157_0825,,,,,ECO26_2220,,,,,,G2583_0996,,ECO55CA74_04835,,,,,,,,,,,,,,,,,,,,,,,nleC,188
nleD,189,,,,,,,,,,,,,,,,,,,,,E2348C_1044,,,Z0990,,ECs0850,,ECSP_0868,,CDCO157_0828,,,,,,,,,,,G2583_1000,,ECO55CA74_04850,,,,,,,,,,,,,,,,,,,,,,,nleD,189
nleE-1,190,,,,,,,,,,,,ECO103_4916,,,,,,,,ECO111_5004,E2348C_3232,ECH74115_4287,,Z4329,,ECs3858,,ECSP_3954,,CDCO157_3605,,,,,ECO26_5293,,,,,,G2583_3639,,ECO55CA74_17355,,,,,,,,,,,,,,,,,,,,,,,nleE-1,190
nleE-2,191,,,,,,,,,,,,,,,,,,,,,E2348C_1080,,,,,,,,,,,,,,,,,,,,,,,,,,,,,,,,,,,,,,,,,,,,,nleE-2,191
nleF,192,,,,,,,,,,,,ECO103_2223,,,,,,,,,E2348C_1445,,,Z6020,,ECs1815,,ECSP_1705,,CDCO157_1743,,,,,ECO26_1811,,,,,,G2583_1593,,ECO55CA74_07745,,,,,,,,,,,,,,,,,,,,,,,nleF,192
nleG-1,193,,,,,,,,,,,,ECO103_3598,,,,,,,,ECO111_1992,,ECH74115_1814,,Z6010,,ECs1824,,ECSP_1711,,CDCO157_1747,,,,,ECO26_1816,,,,,,G2583_0343,,,,,,,,,,,,,,,,,,,,,,,,,nleG-1,193
nleG-2,194,,,,,,,,,,,,,,,,,,,,,,,,,,,,,,,,,,,,,,,,,G2583_0341,,,,,,,,,,,,,,,,,,,,,,,,,nleG-2,194
nleG-3,195,,,,,,,,,,,,ECO103_2063,,,,,,,,,,ECH74115_5546,,,,,,ECSP_5140,,,,,,,ECO26_1637,,,,,,G2583_3207,,ECO55CA74_01620,,,,,,,,,,,,,,,,,,,,,,,nleG-3,195
nleG2-2,196,,,,,,,,,,,,ECO103_0806,,,,,,,,ECO111_1765,,,,Z2339,,ECs1994,,,,,,,,,ECO26_1976,,,,,,G2583_1748,,ECO55CA74_08555,,,,,,,,,,,,,,,,,,,,,,,nleG2-2,196
nleG2-3,197,,,,,,,,,,,,,,,,,,,,,,ECH74115_2163,,Z2149,,ECs2156,,ECSP_2033,,CDCO157_1997,,,,,,,,,,,,,,,,,,,,,,,,,,,,,,,,,,,,nleG2-3,197
nleG2-4,198,,,,,,,,,,,,,,,,,,,,,E2348C_1040,ECH74115_2228,,Z2075,,ECs2229,,ECSP_2089,,CDCO157_2068,,,,,ECO26_1636,,,,,,G2583_1916,,ECO55CA74_09400,,,,,,,,,,,,,,,,,,,,,,,nleG2-4,198
nleG5-1,199,,,,,,,,,,,,,,,,,,,,ECO111_1767,,ECH74115_5548,,Z2337,,ECs1996,,ECSP_5142,,,,,,,ECO26_1978,,,,,,G2583_1750,,ECO55CA74_08565,,,,,,,,,,,,,,,,,,,,,,,nleG5-1,199
nleG5-2,200,,,,,,,,,,,,,,,,,,,,,,ECH74115_2161,,Z2151,,ECs2154,,ECSP_2031,,CDCO157_1995,,,,,,,,,,,,,,,,,,,,,,,,,,,,,,,,,,,,nleG5-2,200
nleG6-1,201,,,,,,,,,,,,ECO103_2062,,,,,,,,ECO111_1766,,,,Z2338,,ECs1995,,,,,,,,,ECO26_1977,,,,,,G2583_1749,,ECO55CA74_08560,,,,,,,,,,,,,,,,,,,,,,,nleG6-1,201
nleG6-2,202,,,,,,,,,,,,,,,,,,,,,,ECH74115_2162,,Z2150,,ECs2155,,ECSP_2032,,CDCO157_1996,,,,,,,,,,,,,,,,,,,,,,,,,,,,,,,,,,,,nleG6-2,202
nleG6-3,203,,,,,,,,,,,,,,,,,,,,,,ECH74115_3870,,Z3921,,ECs3488,,ECSP_3570,,CDCO157_3253,,,,,ECO26_1638,,,,,,,,,,,,,,,,,,,,,,,,,,,,,,,nleG6-3,203
nleG7,204,,,,,,,,,,,,ECO103_5232,,,,,,,,ECO111_1948,,ECH74115_2226,,Z2077,,ECs2226,,ECSP_2088,,CDCO157_2066,,,,,ECO26_2609,,,,,,G2583_1913,,ECO55CA74_09390,,,,,,,,,,,,,,,,,,,,,,,nleG7,204
nleG8-2,205,,,,,,,,,,,,ECO103_2060,,,,,,,,ECO111_4918,,,,Z3919,,ECs3486,,ECSP_3568,,CDCO157_3251,,,,,ECO26_1640,,,,,,G2583_3205,,ECO55CA74_01625,,,,,,,,,,,,,,,,,,,,,,,nleG8-2,205
nleH1-1,206,,,,,,,,,,,,ECO103_0803,,,,,,,,ECO111_0827,E2348C_0718,ECH74115_0919,,Z0989,,ECs0848,,ECSP_0867,,CDCO157_0826,,,,,ECO26_0889,,,,,,G2583_0998,,ECO55CA74_04840,,,,,,,,,,,,,,,,,,,,,,,nleH1-1,206
nleH1-2,207,,,,,,,,,,,,,,,,,,,,ECO111_1997,E2348C_1444,ECH74115_1809,,Z6021,,ECs1814,,ECSP_1704,,CDCO157_1742,,,,,ECO26_1810,,,,,,G2583_1592,,ECO55CA74_07740,,,,,,,,,,,,,,,,,,,,,,,nleH1-2,207
tccP2,208,,,,,,,,,,,,ECO103_2369,,,,,,,,ECO111_1081,,,,Z1385,,ECs1126,,ECSP_1138,,CDCO157_1090,,,,,ECO26_1162,,,,,,,,,,,,,,,,,,,,,,,,,,,,,,,tccP2,208
,,,,,,,,,,,,,,,,,,,,,,,,,,,,,,,,,,,,,,,,,,,,,,,,,,,,,,,,,,,,,,,,,,,,
aggR,209,,,pEC55989_0072,,,,,,,,,,,,O3M_26297,,O3O_26192,,O3K_26097,,,,,,,,,,,,,,,,,,,EC042_pAA052,,,,,,,,,,,,,,,,,,,,,,,,,,,,aggR,209
,,,,,,,,,,,,,,,,,,,,,,,,,,,,,,,,,,,,,,,,,,,,,,,,,,,,,,,,,,,,,,,,,,,,
hlyD,210,"ECP_3829, ECP_4553",,,ECABU_c48840,,,c3574,,,,,,ECO103_p29,,,,,,,,,,ECH74115_B0020,,L7050,,pO157p20,,ECSP_6020,,CDCO157_A0020,,,,,ECO26_p1-04,,,,,,,,,,,,,,,,,,UM146_21835,,,,,UMNK88_pHly52,UTI89_C4924,,,,,,hlyD,210
hlyB,212,"ECP_3828, ECP_4554",,,ECABU_c48850,,,c3573,,,,,,ECO103_p30,,,,,,,,,,ECH74115_B0019,,L7049,,pO157p19,,ECSP_6019,,CDCO157_A0019,,,,,ECO26_p1-03,,,,,,,,,,,,,,,,,,UM146_21840,,,,,UMNK88_pHly51,UTI89_C4925,,,,,,hlyB,212
hlyA,214,"ECP_3827, ECP_4555",,,ECABU_c48860,,,c3570,,,,,,ECO103_p31,,,,,,,,,,ECH74115_B0018,,L7048,,pO157p18,,ECSP_6018,,CDCO157_A0018,,,,,ECO26_p1-02,,,,,,,,,,,,,,,,,,UM146_21845,,,,,UMNK88_pHly50,UTI89_C4926,,,,,,hlyA,214
hlyC,216,"ECP_3826, ECP_4556",,,ECABU_c48880,,,c3569,,,,,,ECO103_p32,,,,,,,,,,ECH74115_B0017,,L7047,,pO157p17,,ECSP_6017,,CDCO157_A0017,,,,,ECO26_p1-01,,,,,,,,,,,,,,,,,,UM146_21850,,,,,UMNK88_pHly49,UTI89_C4927,,,,,,hlyC,216
usp,218,ECP_0113,,,ECABU_c01180,APECO1_1876,,,,,,ECNA114_0104,,,,,,,,,,,,,,,,,,,,,,ECOK1_0112,EC958_0252,,,,,ECS88_0115,,,,,,,,,,,,LF82_009,NRG857_00565,,UM146_23345,,,,,,UTI89_C0121,,,,,i02_0122,usp,218
cdtA,220,,,,,APECO1_542,,,,,,,,,,,,,,,,,,,,,,,,,,,,ECOK1_2089,,,,,,,,,,,,,,,,,,,,,,,,,,,,,,,,,cdtA,220
cdtB,222,,,,,APECO1_543,,,,,,,,,,,,,,,,,,,,,,,,,,,,ECOK1_2088,,,,,,,,,,,,,,,,,,,,,,,,,,,,,,,,,cdtB,222
cdtC,224,,,,,APECO1_544,,,,,,,,,,,,,,,,,,,,,,,,,,,,ECOK1_2087,,,,,,,,,,,,,,,,,,,,,,,,,,,,,,,,,cdtC,224
cnf1,226,,,,ECABU_c48820,,,,,,,,,,,,,,,,,,,,,,,,,,,,,,,,,,,,,,,,,,,,,,,,,,UM146_21825,,,,,,UTI89_C4921,,,,,,cnf1,226
set1A,228,,,,,,,,,,,,,,,,,,,,,,,,,,,,,,,,,,,,,EC042_4593B,,,,,,,,,,,,,,,,,,,,,,,,,,,,,set1A,228
set1B,230,,,,,,,,,,,,,,,,,,,,,,,,,,,,,,,,,,,,,EC042_4593A,,,,,,,,,,,,,,,,,,,,,,,,,,,,,set1B,230
senB,232,,,,,,,,,,,,,,,,,,,,,,,,,,,,,,,,,,,,,,,,,,,,,,,,,,,,,,,UM146_24581,,,,,,UTI89_P030,,ECVR50_B055,,,senB,232
eltA,234,,,,,,,,,EcE24377A_F0020,,,,,,,,,,,,,,,,,,,,,,,,,,,,,,,,,,,,,,ETEC_p666_0660,,,,,,,,,,,UMNK88_pEnt35,,,,,,,,eltA,234
eltB,236,,,,,,,,,,,,,,,,,,,,,,,,,,,,,,,,,,,,,,,,,,,,,,,ETEC_p666_0650,,,,,,,,,,,UMNK88_pEnt36,,,,,,,,eltB,236
astA,238,,,,,,,,,,,,,,,,,,,,,,,,,,,,,,,,,,,,,,EC042_pAA040*,,,,,,,,,,,,,,,,,,,,,,,,,,,,astA,238
hlyE/clyA,240,,,,,,,,,,,,,,O3M_14735,,O3O_10860,,O3K_14760,,ECO111_1510,,ECH74115_1668,,Z1944,,ECs1677,,ECSP_1579,,CDCO157_1607,,ECUMN_1471,,EC958_1421,ECO26_1695,,EC042_1231,,,,G2583_1442,,ECO55CA74_07030,,ETEC_1286,,,APECO78_09775,CE10_1348,ECIAI39_1891,LF82_195*,NRG857_06035*,,UM146_11175*,,,,,,,,ECVR50_1260,,,,hlyE/clyA,240
stx1A,242,,,,,,,,,,,,ECO103_5197,,,,,,,,ECO111_3361,,,,Z3344,,ECs2974,,,,CDCO157_2739,,,,,ECO26_1599,,,,,,,,,,,,,,,,,,,,,,,,,,,,,,,stx1A,242
stx1B,244,,,,,,,,,,,,ECO103_5198,,,,,,,,ECO111_3362,,,,Z3343,,ECs2973,,,,CDCO157_2738,,,,,ECO26_1600,,,,,,,,,,,,,,,,,,,,,,,,,,,,,,,stx1B,244
stx2A,246,,,,,,,,,,,,ECO103_2845,,O3M_16110,,O3O_09165,,O3K_16135,,ECO111_2430,,ECH74115_3533,,Z1464,,ECs1205,,ECSP_3253,,CDCO157_1154,,,,,,,,,,,,,,,,,,,,,,,,,,,,,,,,,,,,stx2A,246
stx2B,248,,,,,,,,,,,,ECO103_2844,,O3M_16105,,O3O_09170,,O3K_16130,,ECO111_2429,,ECH74115_3532,,Z1465,,ECs1206,,ECSP_3252,,CDCO157_1155,,,,,,,,,,,,,,,,,,,,,,,,,,,,,,,,,,,,stx2B,248
,,,,,,,,,,,,,,,,,,,,,,,,,,,,,,,,,,,,,,,,,,,,,,,,,,,,,,,,,,,,,,,,,,,,
aatP,249,,,pEC55989_0058,,,,,,EcE24377A_F0070,,,,,,O3M_26387,,O3O_26097,,O3K_26482,,,,,,,,,,,,,,,,,,,EC042_pAA007,,,,,,,,ETEC_p948_0900,,,,,,,,,,,,,,,,,,,,aatP,249
aatA,250,,,pEC55989_0057,,,,,,EcE24377A_F0071,,,,,,O3M_26392,,O3O_26092,,O3K_26477,,,,,,,,,,,,,,,,,,,EC042_pAA008,,,,,,,,ETEC_p948_0890,,,,,,,,,,,,,,,,,,,,aatA,250
aatB,251,,,pEC55989_0056,,,,,,EcE24377A_F0072,,,,,,O3M_26397,,O3O_26087,,O3K_26472,,,,,,,,,,,,,,,,,,,EC042_pAA009,,,,,,,,ETEC_p948_0880,,,,,,,,,,,,,,,,,,,,aatB,251
aatC,252,,,pEC55989_0055,,,,,,,,,,,,O3M_26402,,O3O_26082,,O3K_26467,,,,,,,,,,,,,,,,,,,EC042_pAA010,,,,,,,,ETEC_p948_0870,,,,,,,,,,,,,,,,,,,,aatC,252
aatD,253,,,pEC55989_0054,,,,,,EcE24377A_F0081,,,,,,O3M_26407,,O3O_26077,,O3K_26462,,,,,,,,,,,,,,,,,,,EC042_pAA011,,,,,,,,ETEC_p948_0990,,,,,,,,,,,,,,,,,,,,aatD,253
,,,,,,,,,,,,,,,,,,,,,,,,,,,,,,,,,,,,,,,,,,,,,,,,,,,,,,,,,,,,,,,,,,,,
-,254,,,,,,,,,,,,ECO103_3601,,,,,,,,ECO111_3735,E2348C_3931,,,Z5102,,ECs4551,,ECSP_4666,,CDCO157_4285,,,,,ECO26_5288,,,,,,G2583_4406,,ECO55CA74_21145,,,,,,,,,,,,,,,,,,,,,,,-,254
escF,255,,,,,,,,,,,,ECO103_3602,,,,,,,,ECO111_3736,E2348C_3932,ECH74115_5047,,Z5103,,ECs4552,,ECSP_4667,,CDCO157_4286,,,,,ECO26_5287,,,,,,G2583_4407,,ECO55CA74_21150,,,,,,,,,,,,,,,,,,,,,,,escF,255
cesD2,256,,,,,,,,,,,,ECO103_3603,,,,,,,,ECO111_3737,E2348C_3933,ECH74115_5048,,Z5104,,ECs4553,,ECSP_4668,,CDCO157_4287,,,,,ECO26_5286,,,,,,G2583_4408,,ECO55CA74_21155,,,,,,,,,,,,,,,,,,,,,,,cesD2,256
espB,257,,,,,,,,,,,,ECO103_3604,,,,,,,,ECO111_3738,E2348C_3934,ECH74115_5049,,Z5105,,ECs4554,,ECSP_4669,,CDCO157_4288,,,,,ECO26_5285,,,,,,G2583_4409,,ECO55CA74_21160,,,,,,,,,,,,,,,,,,,,,,,espB,257
espD,258,,,,,,,,,,,,ECO103_3605,,,,,,,,ECO111_3739,E2348C_3935,ECH74115_5050,,Z5106,,ECs4555,,ECSP_4670,,CDCO157_4289,,,,,ECO26_5284,,,,,,G2583_4410,,ECO55CA74_21165,,,,,,,,,,,,,,,,,,,,,,,espD,258
espA,259,,,,,,,,,,,,ECO103_3606,,,,,,,,ECO111_3740,E2348C_3936,ECH74115_5051,,Z5107,,ECs4556,,ECSP_4671,,CDCO157_4290,,,,,ECO26_5283,,,,,,G2583_4411,,ECO55CA74_21170,,,,,,,,,,,,,,,,,,,,,,,espA,259
sepL,260,,,,,,,,,,,,ECO103_3607,,,,,,,,ECO111_3741,E2348C_3937,ECH74115_5052,,Z5108,,ECs4557,,ECSP_4672,,CDCO157_4291,,,,,ECO26_5282,,,,,,G2583_4412,,ECO55CA74_21175,,,,,,,,,,,,,,,,,,,,,,,sepL,260
escD,261,,,,,,,,,,,,ECO103_3608,,,,,,,,ECO111_3742,E2348C_3938,ECH74115_5053,,Z5109,,ECs4558,,ECSP_4673,,CDCO157_4292,,,,,ECO26_5281,,,,,,G2583_4413,,ECO55CA74_21180,,,,,,,,,,,,,,,,,,,,,,,escD,261
cesT,262,,,,,,,,,,,,ECO103_3610,,,,,,,,ECO111_3744,E2348C_3940,ECH74115_5055,,Z5111,,ECs4560,,ECSP_4675,,CDCO157_4294,,,,,ECO26_5279,,,,,,G2583_4415,,ECO55CA74_21190,,,,,,,,,,,,,,,,,,,,,,,cesT,262
cesF,263,,,,,,,,,,,,ECO103_3613,,,,,,,,ECO111_3747,E2348C_3943,ECH74115_5058,,Z5114,,ECs4563,,ECSP_4678,,CDCO157_4297,,,,,ECO26_5276,,,,,,G2583_4418,,ECO55CA74_21205,,,,,,,,,,,,,,,,,,,,,,,cesF,263
sepQ,264,,,,,,,,,,,,ECO103_3615,,,,,,,,ECO111_3749,E2348C_3945,ECH74115_5060,,Z5116,,ECs4565,,ECSP_4680,,CDCO157_4300,,,,,ECO26_5274,,,,,,G2583_4420,,ECO55CA74_21215,,,,,,,,,,,,,,,,,,,,,,,sepQ,264
-,265,,,,,,,,,,,,ECO103_3616,,,,,,,,ECO111_3750,E2348C_3946,,,Z5117,,ECs4566,,ECSP_4681,,CDCO157_4301,,,,,ECO26_5273,,,,,,G2583_4421,,,,,,,,,,,,,,,,,,,,,,,,,-,265
-,266,,,,,,,,,,,,ECO103_3617,,,,,,,,ECO111_3751,E2348C_3947,ECH74115_5061,,Z5118,,ECs4567,,ECSP_4682,,CDCO157_4302,,,,,ECO26_5272,,,,,,G2583_4422,,ECO55CA74_21220,,,,,,,,,,,,,,,,,,,,,,,-,266
escN,267,,,,,,,,,,,,ECO103_3618,,,,,,,,ECO111_3752,E2348C_3948,ECH74115_5062,,Z5119,,ECs4568,,ECSP_4683,,CDCO157_4303,,,,,ECO26_5271,,,,,,G2583_4423,,ECO55CA74_21225,,,,,,,,,,,,,,,,,,,,,,,escN,267
escV,268,,,,,,,,,,,,ECO103_3619,,,,,,,,ECO111_3753,E2348C_3949,ECH74115_5063,,Z5120,,ECs4569,,ECSP_4684,,CDCO157_4304,,,,,ECO26_5270,,,,,,G2583_4424,,ECO55CA74_21230,,,,,,,,,,,,,,,,,,,,,,,escV,268
-,269,,,,,,,,,,,,ECO103_3620,,,,,,,,ECO111_3754,E2348C_3950,ECH74115_5064,,Z5121,,ECs4570,,ECSP_4685,,CDCO157_4305,,,,,ECO26_5269,,,,,,G2583_4425,,,,,,,,,,,,,,,,,,,,,,,,,-,269
-,270,,,,,,,,,,,,ECO103_3622,,,,,,,,ECO111_3756,E2348C_3952,,,Z5123,,ECs4572,,ECSP_4687,,CDCO157_4307,,,,,ECO26_5267,,,,,,G2583_4427,,ECO55CA74_21240,,,,,,,,,,,,,,,,,,,,,,,-,270
escJ,271,,,,,,,,,,,,ECO103_3623,,,,,,,,ECO111_3757,E2348C_3953,ECH74115_5066,,Z5124,,ECs4573,,ECSP_4688,,CDCO157_4308,,,,,ECO26_5266,,,,,,G2583_4428,,ECO55CA74_21245,,,,,,,,,,,,,,,,,,,,,,,escJ,271
-,272,,,,,,,,,,,,ECO103_3624,,,,,,,,ECO111_3758,E2348C_3954,ECH74115_5068,,Z5125,,ECs4574,,ECSP_4689,,CDCO157_4309,,,,,ECO26_5265,,,,,,G2583_4429,,,,,,,,,,,,,,,,,,,,,,,,,-,272
escC,273,,,,,,,,,,,,ECO103_3625,,,,,,,,ECO111_3759,E2348C_3955,ECH74115_5069,,Z5126,,ECs4575,,ECSP_4690,,CDCO157_4310,,,,,ECO26_5264,,,,,,G2583_4430,,ECO55CA74_21250,,,,,,,,,,,,,,,,,,,,,,,escC,273
cesD,274,,,,,,,,,,,,ECO103_3626,,,,,,,,ECO111_3760,E2348C_3956,,,Z5127,,ECs4576,,ECSP_4691,,CDCO157_4311,,,,,ECO26_5263,,,,,,G2583_4431,,ECO55CA74_21255,,,,,,,,,,,,,,,,,,,,,,,cesD,274
glrA,275,,,,,,,,,,,,ECO103_3627,,,,,,,,ECO111_3761,E2348C_3957,,,Z5128,,ECs4577,,ECSP_4692,,CDCO157_4312,,,,,ECO26_5262,,,,,,G2583_4432,,ECO55CA74_21260,,,,,,,,,,,,,,,,,,,,,,,glrA,275
glrR,276,,,,,,,,,,,,ECO103_3628,,,,,,,,ECO111_3762,E2348C_3958,ECH74115_5070,,Z5129,,ECs4578,,ECSP_4693,,CDCO157_4313,,,,,ECO26_5261,,,,,,G2583_4433,,ECO55CA74_21265,,,,,,,,,,,,,,,,,,,,,,,glrR,276
-,277,,,,,,,,,,,,ECO103_3629,,,,,,,,ECO111_3763,E2348C_3959,ECH74115_5072,,Z5131,,ECs4579,,ECSP_4694,,CDCO157_4314,,,,,ECO26_5260,,,,,,G2583_4434,,ECO55CA74_21270,,,,,,,,,,,,,,,,,,,,,,,-,277
escU,278,,,,,,,,,,,,ECO103_3630,,,,,,,,ECO111_3764,E2348C_3960,ECH74115_5071,,Z5132,,ECs4580,,ECSP_4695,,CDCO157_4315,,,,,ECO26_5259,,,,,,G2583_4435,,ECO55CA74_21275,,,,,,,,,,,,,,,,,,,,,,,escU,278
escT,279,,,,,,,,,,,,ECO103_3631,,,,,,,,ECO111_3765,E2348C_3961,ECH74115_5073,,Z5133,,ECs4581,,ECSP_4696,,CDCO157_4316,,,,,ECO26_5258,,,,,,G2583_4436,,ECO55CA74_21280,,,,,,,,,,,,,,,,,,,,,,,escT,279
escS,280,,,,,,,,,,,,ECO103_3632,,,,,,,,ECO111_3766,E2348C_3962,ECH74115_5074,,Z5134,,ECs4582,,ECSP_4697,,CDCO157_4317,,,,,ECO26_5257,,,,,,G2583_4437,,ECO55CA74_21285,,,,,,,,,,,,,,,,,,,,,,,escS,280
escR,281,,,,,,,,,,,,ECO103_3633,,,,,,,,ECO111_3767,E2348C_3963,ECH74115_5075,,Z5135,,ECs4583,,ECSP_4698,,CDCO157_4318,,,,,ECO26_5256,,,,,,G2583_4438,,ECO55CA74_21290,,,,,,,,,,,,,,,,,,,,,,,escR,281
-,282,,,,,,,,,,,,ECO103_3634,,,,,,,,ECO111_3768,E2348C_3964,ECH74115_5076,,Z5136,,ECs4584,,ECSP_4699,,CDCO157_4319,,,,,ECO26_5255,,,,,,G2583_4439,,ECO55CA74_21295,,,,,,,,,,,,,,,,,,,,,,,-,282
-,283,,,,,,,,,,,,ECO103_3635,,,,,,,,ECO111_3769,E2348C_3965,ECH74115_5077,,Z5137,,ECs4585,,ECSP_4700,,CDCO157_4320,,,,,ECO26_5254,,,,,,G2583_4440,,ECO55CA74_21300,,,,,,,,,,,,,,,,,,,,,,,-,283
-,284,,,,,,,,,,,,ECO103_3636,,,,,,,,ECO111_3770,E2348C_3966,ECH74115_5078,,Z5138,,ECs4586,,ECSP_4701,,CDCO157_4321,,,,,ECO26_5253,,,,,,G2583_4441,,ECO55CA74_21305,,,,,,,,,,,,,,,,,,,,,,,-,284
-,285,,,,,,,,,,,,ECO103_3637,,,,,,,,ECO111_3771,E2348C_3967,ECH74115_5079,,Z5139,,ECs4587,,ECSP_4702,,CDCO157_4322,,,,,ECO26_5252,,,,,,G2583_4442,,ECO55CA74_21310,,,,,,,,,,,,,,,,,,,,,,,-,285
ler,286,,,,,,,,,,,,ECO103_3638,,,,,,,,ECO111_3772,E2348C_3968,ECH74115_5080,,Z5140,,ECs4588,,ECSP_4703,,CDCO157_4323,,,,,ECO26_5251,,,,,,G2583_4443,,ECO55CA74_21315,,,,,,,,,,,,,,,,,,,,,,,ler,286
-,287,,,,,,,,,,,,ECO103_3640,,,,,,,,ECO111_3730,E2348C_3971,ECH74115_5082,,Z5143,,ECs4591,,ECSP_4705,,CDCO157_4325,,,,,ECO26_5249,,,,,,G2583_4445,,ECO55CA74_21330,,,,,,,,,,,,,,,,,,,,,,,-,287
,,,,,,,,,,,,,,,,,,,,,,,,,,,,,,,,,,,,,,,,,,,,,,,,,,,,,,,,,,,,,,,,,,,,
aaiA,288,,EC55989_3298,,,,,,,,,,,,O3M_04400,,O3O_21290,,O3K_04355,,,,,,,,,,,,,,,,,,,EC042_4562,,,,,,,,,,,,,,,,,,,,,,,,,,,,,aaiA,288
aaiB,289,,EC55989_3297,,,,,,,,,,,,O3M_04405,,O3O_21285,,O3K_04360,,,,,,,,,,,,,,,,,,,EC042_4563,,,,,,,,,,,,,,,,,,,,,,,,,,,,,aaiB,289
aaiC/hcp,290,,EC55989_3296,,,,,,,,,,,,O3M_04410,,O3O_21280,,O3K_04365,,,,,,,,,,,,,,,,,,,EC042_4564,,,,,,,,,,,,,,,,,,,,,,,,,,,,,aaiC/hcp,290
aaiD,291,,EC55989_3295,,,,,,,,,,,,O3M_04415,,O3O_21275,,O3K_04370,,,,,,,,,,,,,,,,,,,EC042_4565,,,,,,,,,,,,,,,,,,,,,,,,,,,,,aaiD,291
aaiE,292,,EC55989_3294,,,,,,,,,,,,O3M_04425,,O3O_21265,,O3K_04380,,,,,,,,,,,,,,,,,,,EC042_4566,,,,,,,,,,,,,,,,,,,,,,,,,,,,,aaiE,292
aaiF,293,,EC55989_3293,,,,,,,,,,,,O3M_04430,,O3O_21260,,O3K_04385,,,,,,,,,,,,,,,,,,,EC042_4568,,,,,,,,,,,,,,,,,,,,,,,,,,,,,aaiF,293
vgrG,294,,EC55989_3292,,,,,,,,,,,,O3M_04435,,O3O_21255,,O3K_04390,,,,,,,,,,,,,,,,,,,EC042_4569,,,,,,,,,,,,,,,,,,,,,,,,,,,,,vgrG,294
aaiH,295,,EC55989_3291,,,,,,,,,,,,O3M_04440,,O3O_21250,,O3K_04395,,,,,,,,,,,,,,,,,,,EC042_4570,,,,,,,,,,,,,,,,,,,,,,,,,,,,,aaiH,295
aaiI,296,,EC55989_3290,,,,,,,,,,,,O3M_04445,,O3O_21245,,O3K_04400,,,,,,,,,,,,,,,,,,,EC042_4571,,,,,,,,,,,,,,,,,,,,,,,,,,,,,aaiI,296
aaiJ,297,,EC55989_3289,,,,,,,,,,,,O3M_04450,,O3O_21240,,O3K_04405,,,,,,,,,,,,,,,,,,,EC042_4572,,,,,,,,,,,,,,,,,,,,,,,,,,,,,aaiJ,297
aaiK,298,,EC55989_3288,,,,,,,,,,,,O3M_04455,,O3O_21235,,O3K_04410,,,,,,,,,,,,,,,,,,,EC042_4573,,,,,,,,,,,,,,,,,,,,,,,,,,,,,aaiK,298
aaiL,299,,EC55989_3287,,,,,,,,,,,,O3M_04460,,O3O_21230,,O3K_04415,,,,,,,,,,,,,,,,,,,EC042_4574,,,,,,,,,,,,,,,,,,,,,,,,,,,,,aaiL,299
aaiM,300,,EC55989_3286,,,,,,,,,,,,O3M_04465,,O3O_21225,,O3K_04420,,,,,,,,,,,,,,,,,,,EC042_4574A,,,,,,,,,,,,,,,,,,,,,,,,,,,,,aaiM,300
aaiN,301,,EC55989_3285,,,,,,,,,,,,O3M_04470,,O3O_21220,,O3K_04425,,,,,,,,,,,,,,,,,,,EC042_4575,,,,,,,,,,,,,,,,,,,,,,,,,,,,,aaiN,301
icmF/aaiO,302,,EC55989_3284,,,,,,,,,,,,O3M_04475,,O3O_21215,,O3K_04430,,,,,,,,,,,,,,,,,,,EC042_4576,,,,,,,,,,,,,,,,,,,,,,,,,,,,,icmF/aaiO,302
clpV/aaiP,303,,EC55989_3283,,,,,,,,,,,,O3M_04480,,O3O_21210,,O3K_04435,,,,,,,,,,,,,,,,,,,EC042_4577,,,,,,,,,,,,,,,,,,,,,,,,,,,,,clpV/aaiP,303
aec32,304,ECP_0224,EC55989_0218,,,APECO1_1772,,,EcE24377A_0226,,,,ECO103_0213,,O3M_20390,,O3O_04890,,O3K_20490,,ECO111_0217,,,,Z0248,,ECs0216,,ECSP_0221,,CDCO157_0214,,ECUMN_0214,ECOK1_0221,,ECO26_0218,,EC042_0210,,ECS88_0232,,G2583_0225,,ECO55CA74_01055,,,,,,,,LF82_013,NRG857_01080,,UM146_16240,,UMNK88_226,,,,UTI89_C0237,,ECVR50_0237,,,,aec32,304
aec31,305,ECP_0225,EC55989_0219,,,APECO1_1771,,,EcE24377A_0227,,,,ECO103_0214,,O3M_20385,,O3O_04895,,O3K_20485,,ECO111_0218,,ECH74115_0233,,Z0249,,ECs0217,,ECSP_0222,,CDCO157_0215,,ECUMN_0215,ECOK1_0222,,ECO26_0219,,EC042_0211,,ECS88_0233,,G2583_0226,,ECO55CA74_01060,,,,,,,,LF82_014,NRG857_01085,,,,UMNK88_227,,,,UTI89_C0238,,ECVR50_0238,,,,aec31,305
aec30,306,ECP_0226,EC55989_0220,,,APECO1_1770,,,EcE24377A_0228,,,,ECO103_0215,,O3M_20380,,O3O_04900,,O3K_20480,,,,,,Z0250,,ECs0218,,ECSP_0223,,CDCO157_0216,,ECUMN_0216,ECOK1_0223,,ECO26_0220,,EC042_0212,,ECS88_0234,,G2583_0227,,ECO55CA74_01065,,,,,,,,LF82_015,NRG857_01090,,UM146_16225,,UMNK88_228,,,,UTI89_C0239,,ECVR50_0239,,,,aec30,306
aec29,307,ECP_0227,EC55989_0221,,,APECO1_1769,,,EcE24377A_0229,,,,ECO103_0216,,O3M_20375,,O3O_04905,,O3K_20475,,ECO111_0221,,ECH74115_0235,,Z0251,,ECs0220,,ECSP_0224,,,,ECUMN_0217,ECOK1_0224,,,,EC042_0213,,ECS88_0235,,G2583_0228,,ECO55CA74_01070,,,,,,,,LF82_016,NRG857_01095,,UM146_16220,,UMNK88_230,,,,UTI89_C0240,,ECVR50_0240,,,,aec29,307
aec28,308,ECP_0228,EC55989_0222,,,APECO1_1768,,,EcE24377A_0230,,,,ECO103_0217,,O3M_20370,,O3O_04910,,O3K_20470,,ECO111_0222,,ECH74115_0236,,Z0253,,ECs0222,,ECSP_0225,,CDCO157_0219,,ECUMN_0218,ECOK1_0225,,ECO26_0223,,EC042_0214,,ECS88_0236,,G2583_0229,,ECO55CA74_01075,,,,,,,,LF82_017,NRG857_01100,,UM146_16215,,UMNK88_231,,,,UTI89_C0241,,ECVR50_0241,,,,aec28,308
aec27/clpV,309,ECP_0229,EC55989_0223,,,APECO1_1767,,,EcE24377A_0231,,,,ECO103_0218,,O3M_20365,,O3O_04915,,O3K_20465,,ECO111_0223,,ECH74115_0237,,Z0254,,ECs0223,,ECSP_0226,,CDCO157_0220,,ECUMN_0219,ECOK1_0226,,ECO26_0224,,EC042_0215,,ECS88_0237,,G2583_0230,,ECO55CA74_01080,,,,,,,,LF82_018,NRG857_01105,,UM146_16210,,UMNK88_232,,,,UTI89_C0242,,ECVR50_0242,,,,aec27/clpV,309
aec26,310,ECP_0230,EC55989_0224,,,APECO1_1766,,,EcE24377A_0232,,,,ECO103_0219,,O3M_20360,,O3O_04920,,O3K_20460,,ECO111_0224,,ECH74115_0238,,Z0255,,ECs0224,,ECSP_0227,,CDCO157_0221,,ECUMN_0220,ECOK1_0227,,ECO26_0225,,EC042_0216,,ECS88_0238,,G2583_0231,,ECO55CA74_01085,,,,,,,,LF82_019,NRG857_01110,,UM146_16205,,UMNK88_233,,,,UTI89_C0243,,ECVR50_0243,,,,aec26,310
aec25,311,ECP_0231,EC55989_0225,,,APECO1_1765,,,EcE24377A_0233,,,,ECO103_0220,,O3M_20355,,O3O_04925,,O3K_20455,,ECO111_0225,,ECH74115_0239,,Z0256,,ECs0225,,ECSP_0228,,CDCO157_0222,,ECUMN_0221,ECOK1_0228,,,,EC042_0217,,ECS88_0239,,G2583_0232,,ECO55CA74_01090,,,,,,,,LF82_020,NRG857_01115,,UM146_16200,,UMNK88_234,,,,UTI89_C0244,,ECVR50_0244,,,,aec25,311
aec24,312,ECP_0232,EC55989_0226,,,APECO1_1764,,,EcE24377A_0234,,,,ECO103_0221,,O3M_20350,,O3O_04930,,O3K_20450,,ECO111_0226,,ECH74115_0240,,Z0257,,ECs0226,,ECSP_0229,,CDCO157_0223,,ECUMN_0222,ECOK1_0229,,ECO26_0228,,EC042_0218,,ECS88_0240,,G2583_0233,,ECO55CA74_01095,,,,,,,,LF82_021,NRG857_01120,,UM146_16195,,UMNK88_235,,,,UTI89_C0245,,ECVR50_0245,,,,aec24,312
aec23,313,ECP_0233,EC55989_0227,,,APECO1_1763,,,EcE24377A_0235,,,,ECO103_0222,,O3M_20345,,O3O_04935,,O3K_20445,,ECO111_0227,,ECH74115_0241,,Z0258,,ECs0227,,ECSP_0230,,CDCO157_0224,,ECUMN_0223,ECOK1_0230,,,,EC042_0219,,ECS88_0241,,G2583_0234,,ECO55CA74_01100,,,,,,,,LF82_022,NRG857_01125,,UM146_16190,,UMNK88_236,,,,UTI89_C0246,,ECVR50_0246,,,,aec23,313
aec22,314,ECP_0234,EC55989_0228,,,APECO1_1762,,,EcE24377A_0236,,,,ECO103_0223,,O3M_20340,,O3O_04940,,O3K_20440,,,,ECH74115_0242,,Z0259,,ECs0228,,ECSP_0231,,CDCO157_0225,,ECUMN_0224,ECOK1_0231,,,,EC042_0220,,ECS88_0242,,G2583_0235,,ECO55CA74_01105,,,,,,,,LF82_023,NRG857_01130,,UM146_16185,,UMNK88_237,,,,UTI89_C0247,,ECVR50_0247,,,,aec22,314
-,315,ECP_0235,EC55989_0229,,,APECO1_1761,,,EcE24377A_0237,,,,ECO103_0224,,O3M_20335,,O3O_04945,,O3K_20435,,ECO111_0230,,ECH74115_0243,,Z0260,,ECs0229,,ECSP_0232,,CDCO157_0226,,ECUMN_0225,ECOK1_0232,,,,EC042_0221,,ECS88_0243,,G2583_0236,,ECO55CA74_01110,,,,,,,,LF82_024,NRG857_01135,,UM146_16180,,UMNK88_238,,,,UTI89_C0248,,ECVR50_0248,,,,-,315
aec19,316,ECP_0236,EC55989_0230,,,APECO1_1760,,,EcE24377A_0238,,,,ECO103_0225,,O3M_20330,,O3O_04950,,O3K_20430,,ECO111_0231,,ECH74115_0244,,Z0261,,ECs0230,,ECSP_0233,,CDCO157_0227,,ECUMN_0226,ECOK1_0233,,,,EC042_0222,,ECS88_0244,,G2583_0237,,ECO55CA74_01115,,,,,,,,LF82_025,NRG857_01140,,UM146_16175,,UMNK88_239,,,,UTI89_C0249,,ECVR50_0249,,,,aec19,316
aec18,317,ECP_0237,EC55989_0231,,,APECO1_1759,,,EcE24377A_0239,,,,ECO103_0226,,O3M_20325,,O3O_04955,,O3K_20425,,ECO111_0232,,,,Z0262,,ECs0231,,ECSP_0234,,CDCO157_0228,,ECUMN_0227,ECOK1_0234,,,,EC042_0223,,ECS88_0245,,,,ECO55CA74_01125,,,,,,,,LF82_026,NRG857_01145,,UM146_16170,,UMNK88_240,,,,UTI89_C0250,,ECVR50_0250,,,,aec18,317
aec17,318,ECP_0238,EC55989_0233,,,APECO1_1758,,,EcE24377A_0241,,,,ECO103_0228,,O3M_20315,,O3O_04965,,O3K_20415,,ECO111_0234,,ECH74115_0247,,Z0264,,ECs0233,,ECSP_0236,,CDCO157_0230,,ECUMN_0228,ECOK1_0235,,,,EC042_0224,,ECS88_0246,,G2583_0240,,ECO55CA74_01135,,,,,,,,LF82_027,NRG857_01150,,UM146_16165,,UMNK88_242,,,,UTI89_C0251,,ECVR50_0252,,,,aec17,318
aec16,319,ECP_0239,EC55989_0235,,,APECO1_1757,,,EcE24377A_0243,,,,ECO103_0229,,O3M_20305,,O3O_04975,,O3K_20405,,ECO111_0235,,ECH74115_0249,,Z0266,,ECs0234,,ECSP_0238,,CDCO157_0231,,ECUMN_0229,ECOK1_0236,,,,EC042_0225,,ECS88_0247,,G2583_0242,,ECO55CA74_01145,,,,,,,,LF82_028,NRG857_01155,,UM146_16160,,UMNK88_244,,,,UTI89_C0252,,ECVR50_0257,,,,aec16,319
aec15,320,ECP_0240,,,,APECO1_1756,,,EcE24377A_1638,,,,ECO103_1587,,O3M_13175,,O3O_12420,,O3K_13210,,ECO111_1848,,ECH74115_2064,,Z2262,,ECs2060,,ECSP_1938,,CDCO157_1905,,,ECOK1_0237,,ECO26_2057,,,,ECS88_0248,,G2583_1818,,ECO55CA74_08880,,,,,,,,LF82_033,NRG857_01165,,UM146_16150,,UMNK88_1861,,,,UTI89_C0253,,,,,,aec15,320
aec14,321,ECP_0241,,,,APECO1_1755,,,,,,,,,,,,,,,,,,,,,,,,,,,,ECOK1_0238,,,,,,ECS88_0249,,,,,,,,,,,,LF82_034,NRG857_01170,,UM146_16145,,,,,,UTI89_C0254,,,,,,aec14,321
-,322,ECP_0242,,,,APECO1_1753,,,,,,,,,,,,,,,,,,,,,,,,,,,,ECOK1_0239,,,,,,ECS88_0250,,,,,,,,,,,,LF82_035,NRG857_01180,,UM146_16140,,,,,,UTI89_C0255,,,,,,-,322
aec11,323,ECP_0243,,,,APECO1_1752,,,,,,,,,,,,,,,,,,,,,,,,,,,,,,,,,,ECS88_0251,,,,,,,,,,,,LF82_036,NRG857_01185,,UM146_16135,,,,,,UTI89_C0256,,,,,,aec11,323
aec8,324,ECP_0247,,,,APECO1_1750,,,,,,,,,,,,,,,,,,,,,,,,,,,ECUMN_0238,,,,,EC042_0234,,ECS88_0254,,,,,,,,,,,,LF82_038,NRG857_01200,,UM146_16120,,,,,,UTI89_C0257,,,,,,aec8,324
aec7,325,ECP_0248,,,,APECO1_1749,,,,,,,,,,,,,,,,,,,,,,,,,,,ECUMN_0239,ECOK1_0241,,,,EC042_0235,,ECS88_0255,,,,,,,,,,,,LF82_039,NRG857_01205,,UM146_16115,,,,,,UTI89_C0258,,,,,,aec7,325
-,326,ECP_2800,EC55989_3340,,ECABU_c30880,APECO1_3718,,c3385,EcE24377A_3123,,,ECNA114_2854,ECO103_3357,,O3M_04325,,O3O_21365,,O3K_04285,,,,,,,,,,,,,,,ECOK1_3193,EC958_5031,,,EC042_4524,,ECS88_3083,,,,,,,,,,,,LF82_426,NRG857_13785,,UM146_02495,,,,,,UTI89_C3190,,,,,i02_3107,-,326
-,327,ECP_2801,EC55989_3339,,ECABU_c30890,APECO1_3717,,c3386,EcE24377A_3124,,,ECNA114_2855,ECO103_3358,,O3M_04330,,O3O_21360,,O3K_04290,,,,,,,,,,,,,,,ECOK1_3194,EC958_5032,,,EC042_4525,,ECS88_3084,,,,,,,,,,,,LF82_427,NRG857_13790,,UM146_02490,,,,,,UTI89_C3191,,,,,i02_3108,-,327
-,328,ECP_2802,EC55989_3338,,ECABU_c30900,APECO1_3716,,c3387,EcE24377A_3125,,,ECNA114_2856,ECO103_3359,,,,,,,,,,,,,,,,,,,,,ECOK1_3195,EC958_5033,,,EC042_4526,,ECS88_3085,,,,,,,,,,,,LF82_428,NRG857_13795,,UM146_02485,,,,,,UTI89_C3192,,,,,i02_3109,-,328
-,329,ECP_2803,EC55989_3337,,ECABU_c30910,APECO1_3715,,c3388,EcE24377A_3126,,,ECNA114_28561,ECO103_3360,,,,,,,,,,,,,,,,,,,,,ECOK1_3196,EC958_5034,,,EC042_4527,,ECS88_3086,,,,,,,,,,,,LF82_429,NRG857_13800,,UM146_02480,,,,,,UTI89_C3193,,,,,i02_3110,-,329
-,330,ECP_2804,EC55989_3336,,ECABU_c30920,APECO1_3714,,c3389,EcE24377A_3127,,,ECNA114_2857,ECO103_3361,,,,,,,,,,,,,,,,,,,,,ECOK1_3197,EC958_5035,,,EC042_4528,,ECS88_3087,,,,,,,,,,,,LF82_430,NRG857_13805,,UM146_02475,,,,,,UTI89_C3194,,,,,i02_3111,-,330
-,331,ECP_2805,EC55989_3335,,ECABU_c30930,APECO1_3713,,c3391,EcE24377A_3128,,,ECNA114_2858,ECO103_3362,,,,,,,,,,,,,,,,,,,,,ECOK1_3198,EC958_5036,,,EC042_4529,,ECS88_3088,,,,,,,,,,,,LF82_431,NRG857_13810,,UM146_02470,,,,,,UTI89_C3196,,,,,i02_3112,-,331
-,332,ECP_2806,EC55989_3334,,ECABU_c30950,APECO1_3712,,c3392,EcE24377A_3129,,,ECNA114_2860,ECO103_3363,,,,,,,,,,,,,,,,,,,,,ECOK1_3199,EC958_5037,,,EC042_4530,,ECS88_3089,,,,,,,,,,,,LF82_432,NRG857_13815,,UM146_02465,,,,,,UTI89_C3197,,,,,i02_3113,-,332
-,333,,EC55989_3333,,,,,,,,,,,,,,,,,,,,,,,,,,,,,,,,,,,EC042_4531,,,,,,,,,,,,,,,,,,,,,,,,,,,,,-,333
-,334,,,,,,,,,,,,,,,,,,,,,,,,,,,,,,,,,,,,,EC042_4532,,,,,,,,,,,,,,,,,,,,,,,,,,,,,-,334
-,335,ECP_2810,EC55989_3331,,ECABU_c30960,APECO1_3711,,c3393,EcE24377A_3130,,,ECNA114_2861,ECO103_3364,,,,,,,,,,,,,,,,,,,,,ECOK1_3200,"EC958_3099, EC958_3091, EC958_3095",,,EC042_4533,,ECS88_3090,,,,,,,,,,,,LF82_433,NRG857_13820,,UM146_02460,,,,,,UTI89_C3198,,,,,i02_3114,-,335
-,336,,EC55989_3330,,,,,,,,,,,,,,,,,,,,,,,,,,,,,,,,EC958_0639,,,EC042_4534,,,,,,,,,,,,,,,,,,,,,,,,,,,,,-,336
-,337,,EC55989_3329,,,,,,,,,,,,,,,,,,,,,,,,,,,,,,,,EC958_0640,,,EC042_4535,,,,,,,,,,,,,,,,,,,,,,,,,,,,,-,337
-,338,,EC55989_3328,,,,,,,,,,,,,,,,,,,,,,,,,,,,,,,,EC958_0641,,,EC042_4536,,,,,,,,,,,,,,,,,,,,,,,,,,,,,-,338
-,339,,EC55989_3327,,ECABU_c30990,,,c3396,,,,,,,,,,,,,,,,,,,,,,,,,,,,,,EC042_4537,,,,,,,,,,,,,,LF82_436,NRG857_13835,,UM146_02440,,,,,,UTI89_C3202,,,,,i02_3117,-,339
-,340,,EC55989_3326,,,,,,,,,,,,,,,,,,,,,,,,,,,,,,,,,,,EC042_4538,,,,,,,,,,,,,,,,,,,,,,,,,,,,,-,340
-,341,ECP_2814,EC55989_3325,,ECABU_c31010,APECO1_3705,,c3398,,,,ECNA114_2867,ECO103_3368,,,,,,,,,,,,,,,,,,,,,ECOK1_3204,,,,EC042_4539,,ECS88_3097,,,,,,,,,,,,LF82_438,NRG857_13845,,UM146_02430,,,,,,UTI89_C3204,,,,,i02_3119,-,341
-,342,ECP_2815,EC55989_3324,,ECABU_c31020,APECO1_3702,,c3399,,,,ECNA114_2868,ECO103_3369,,,,,,,,,,,,,,,,,,,,,ECOK1_3205,EC958_3105,,,EC042_4540,,ECS88_3098,,,,,,,,,,,,LF82_439,NRG857_13850,,UM146_02425,,,,,,UTI89_C3205,,,,,i02_3120,-,342
-,343,,EC55989_3323,,,,,,,,,,,,,,,,,,,,,,,,,,,,,,,,,,,EC042_4541,,,,,,,,,,,,,,,,,,,,,,,,,,,,,-,343
-,344,ECP_2819,EC55989_3322,,ECABU_c31030,APECO1_3698,,c3400,,,,ECNA114_2870,ECO103_3371,,,,,,,,,,,,,,,,,,,,,ECOK1_3210,EC958_3109,,,EC042_4542,,ECS88_3102,,,,,,,,,,,,LF82_442,NRG857_13865,,UM146_02400,,,,,,,,,,,i02_3121,-,344
-,345,ECP_2820,EC55989_3321,,ECABU_c31040,APECO1_3697,,,,,,ECNA114_28701,ECO103_3372,,,,,,,,,,,,,,,,,,,,,ECOK1_3211,EC958_5040,,,EC042_4543,,ECS88_3103,,,,,,,,,,,,LF82_443,NRG857_13870,,UM146_02395,,,,,,,,,,,i02_3122,-,345
-,346,ECP_2821,EC55989_3320,,ECABU_c31050,APECO1_3696,,c3401,EcE24377A_3133,,,ECNA114_2871,ECO103_3373,,,,,,,,,,,,,,,,,,,,,ECOK1_3212,EC958_5041,,,EC042_4544,,ECS88_3104,,,,,,,,,,,,LF82_444,NRG857_13875,,UM146_02390,,,,,,UTI89_C3208,,,,,i02_3123,-,346
-,347,ECP_2822,EC55989_3319,,ECABU_c31060,APECO1_3695,,c3402,EcE24377A_3134,,,ECNA114_2872,ECO103_3374,,,,,,,,,,,,,,,,,,,,,ECOK1_3213,EC958_5042,,,EC042_4545,,ECS88_3105,,,,,,,,,,,,LF82_445,NRG857_13880,,UM146_02385,,,,,,UTI89_C3209,,,,,i02_3124,-,347
-,348,,EC55989_3318,,,,,,,,,,,,,,,,,,,,,,,,,,,,,,,,,,,EC042_4546,,,,,,,,,,,,,,,,,,,,,,,,,,,,,-,348
-,349,,EC55989_3317,,,,,,,,,,,,O3M_04335,,O3O_21355,,O3K_04295,,,,,,,,,,,,,,,,,,,EC042_4547,,,,,,,,,,,,,,,,,,,,,,,,,,,,,-,349
-,350,,EC55989_3316,,,,,,,,,,,,O3M_04340,,O3O_21350,,O3K_04300,,,,,,,,,,,,,,,,,,,EC042_4548,,,,,,,,,,,,,,,,,,,,,,,,,,,,,-,350
-,351,,,,,,,,,,,,,,O3M_04345,,O3O_21345,,O3K_04305,,,,,,,,,,,,,,,,,,,EC042_4549,,,,,,,,,,,,,,,,,,,,,,,,,,,,,-,351
-,352,,EC55989_3315,,ECABU_c31070,,,,EcE24377A_3135,,,,ECO103_3375,,,,,,,,,,,,,,,,,,,,,ECOK1_3214,EC958_5043,,,EC042_4550,,,,,,,,,,,,,,LF82_446,NRG857_13885,,UM146_02380,,,,,,,,,,,i02_3125,-,352
